utterance_id	batch	pattern	word_spaced	word_script	diphone_count	diphones
1	single	2	z u w i X ? a H	_z u w i X ? a H_	9	_-z z-u u-w w-i i-X X-? ?-a a-H H-_
2	single	2	g i t i m q e. s.	_g i t i m q e. s._	9	_-g g-i i-t t-i i-m m-q q-e. e.-s. s.-_
3	single	2	s. i. m u m S e k	_s. i. m u m S e k_	9	_-s. s.-i. i.-m m-u u-m m-S S-e e-k k-_
4	single	2	b u t e l n e l	_b u t e l n e l_	9	_-b b-u u-t t-e e-l l-n n-e e-l l-_
5	single	2	S a x i l g a S	_S a x i l g a S_	9	_-S S-a a-x x-i i-l l-g g-a a-S S-_
6	single	2	l a s i r s e t.	_l a s i r s e t._	9	_-l l-a a-s s-i i-r r-s s-e e-t. t.-_
7	single	2	x u s. a. k b e r	_x u s. a. k b e r_	9	_-x x-u u-s. s.-a. a.-k k-b b-e e-r r-_
8	single	2	j e s. u. m j a m	_j e s. u. m j a m_	9	_-j j-e e-s. s.-u. u.-m m-j j-a a-m m-_
9	single	2	k u n u k s. e. w	_k u n u k s. e. w_	9	_-k k-u u-n n-u u-k k-s. s.-e. e.-w w-_
10	single	2	r a d i p n i s	_r a d i p n i s_	9	_-r r-a a-d d-i i-p p-n n-i i-s s-_
11	single	2	t i d e x X a z	_t i d e x X a z_	9	_-t t-i i-d d-e e-x x-X X-a a-z z-_
12	single	2	? i j u n g e X	_? i j u n g e X_	9	_-? ?-i i-j j-u u-n n-g g-e e-X X-_
13	single	2	n e d i q X e g	_n e d i q X e g_	9	_-n n-e e-d d-i i-q q-X X-e e-g g-_
14	single	2	m i k i r S i k	_m i k i r S i k_	9	_-m m-i i-k k-i i-r r-S S-i i-k k-_
15	single	2	d u t. i. ? X u j	_d u t. i. ? X u j_	9	_-d d-u u-t. t.-i. i.-? ?-X X-u u-j j-_
16	single	2	p e l u z n a n	_p e l u z n a n_	9	_-p p-e e-l l-u u-z z-n n-a a-n n-_
17	single	2	t. e. x e p d u m	_t. e. x e p d u m_	9	_-t. t.-e. e.-x x-e e-p p-d d-u u-m m-_
18	single	2	H i t a r g u S	_H i t a r g u S_	9	_-H H-i i-t t-a a-r r-g g-u u-S S-_
19	single	2	p u r i S n u d	_p u r i S n u d_	9	_-p p-u u-r r-i i-S S-n n-u u-d d-_
20	single	2	q i. w i X n i b	_q i. w i X n i b_	9	_-q q-i. i.-w w-i i-X X-n n-i i-b b-_
21	single	2	z e m a m k i s.	_z e m a m k i s._	9	_-z z-e e-m m-a a-m m-k k-i i-s. s.-_
22	single	2	r e z a r b e ?	_r e z a r b e ?_	9	_-r r-e e-z z-a a-r r-b b-e e-? ?-_
23	single	1	i x b a t. j i	_i x b a t. j i_	8	_-i i-x x-b b-a a-t. t.-j j-i i-_
24	single	2	z i H e x S u g	_z i H e x S u g_	9	_-z z-i i-H H-e e-x x-S S-u u-g g-_
25	single	1	u b p i z m e	_u b p i z m e_	8	_-u u-b b-p p-i i-z z-m m-e e-_
26	single	2	k e w u z l a ?	_k e w u z l a ?_	9	_-k k-e e-w w-u u-z z-l l-a a-? ?-_
27	single	1	e j z a l r u	_e j z a l r u_	8	_-e e-j j-z z-a a-l l-r r-u u-_
28	single	2	s e t u t s. u. d	_s e t u t s. u. d_	9	_-s s-e e-t t-u u-t t-s. s.-u. u.-d d-_
29	single	3	X i i ? e i t.	_X i i ? e i t._	8	_-X X-i i-i i-? ?-e e-i i-t. t.-_
30	single	2	t. u. z i x s i p	_t. u. z i x s i p_	9	_-t. t.-u. u.-z z-i i-x x-s s-i i-p p-_
31	single	2	p u p a t s u r	_p u p a t s u r_	9	_-p p-u u-p p-a a-t t-s s-u u-r r-_
32	single	2	m i w a X S e S	_m i w a X S e S_	9	_-m m-i i-w w-a a-X X-S S-e e-S S-_
33	single	2	q e. ? a g t. a. q	_q e. ? a g t. a. q_	9	_-q q-e. e.-? ?-a a-g g-t. t.-a. a.-q q-_
34	single	2	H u q a. n H e q	_H u q a. n H e q_	9	_-H H-u u-q q-a. a.-n n-H H-e e-q q-_
35	single	2	x i n u x x a l	_x i n u x x a l_	9	_-x x-i i-n n-u u-x x-x x-a a-l l-_
36	single	2	q u. H i g k a w	_q u. H i g k a w_	9	_-q q-u. u.-H H-i i-g g-k k-a a-w w-_
37	single	1	a k X i z t. e.	_a k X i z t. e._	8	_-a a-k k-X X-i i-z z-t. t.-e. e.-_
38	single	2	w a s. a. H H a b	_w a s. a. H H a b_	9	_-w w-a a-s. s.-a. a.-H H-H H-a a-b b-_
39	single	1	e n S i t. X a	_e n S i t. X a_	8	_-e e-n n-S S-i i-t. t.-X X-a a-_
40	single	2	? u p u ? t a x	_? u p u ? t a x_	9	_-? ?-u u-p p-u u-? ?-t t-a a-x x-_
41	single	2	s. u. q a. l ? a q	_s. u. q a. l ? a q_	9	_-s. s.-u. u.-q q-a. a.-l l-? ?-a a-q q-_
42	single	2	j a d a p l a n	_j a d a p l a n_	9	_-j j-a a-d d-a a-p p-l l-a a-n n-_
43	single	3	s a u l e e g	_s a u l e e g_	8	_-s s-a a-u u-l l-e e-e e-g g-_
44	single	2	w e w e t b i p	_w e w e t b i p_	9	_-w w-e e-w w-e e-t t-b b-i i-p p-_
45	single	3	t. i. e. d e u X	_t. i. e. d e u X_	8	_-t. t.-i. i.-e. e.-d d-e e-u u-X X-_
46	single	1	u b t. u. r ? e	_u b t. u. r ? e_	8	_-u u-b b-t. t.-u. u.-r r-? ?-e e-_
47	single	2	t u w u q s u t	_t u w u q s u t_	9	_-t t-u u-w w-u u-q q-s s-u u-t t-_
48	single	2	x u k e s l i m	_x u k e s l i m_	9	_-x x-u u-k k-e e-s s-l l-i i-m m-_
49	single	3	X e a p i u H	_X e a p i u H_	8	_-X X-e e-a a-p p-i i-u u-H H-_
50	single	1	a w t. e. g X u	_a w t. e. g X u_	8	_-a a-w w-t. t.-e. e.-g g-X X-u u-_
51	single	1	i n m u l q u.	_i n m u l q u._	8	_-i i-n n-m m-u u-l l-q q-u. u.-_
52	single	2	l u q i. s. p a ?	_l u q i. s. p a ?_	9	_-l l-u u-q q-i. i.-s. s.-p p-a a-? ?-_
53	single	2	b i ? i p t. a. t	_b i ? i p t. a. t_	9	_-b b-i i-? ?-i i-p p-t. t.-a. a.-t t-_
54	single	2	S e t. u. p S i z	_S e t. u. p S i z_	9	_-S S-e e-t. t.-u. u.-p p-S S-i i-z z-_
55	single	2	g i q e. m q u. z	_g i q e. m q u. z_	9	_-g g-i i-q q-e. e.-m m-q q-u. u.-z z-_
56	single	2	g e s. i. s. k e x	_g e s. i. s. k e x_	9	_-g g-e e-s. s.-i. i.-s. s.-k k-e e-x x-_
57	single	1	a H H a g l i	_a H H a g l i_	8	_-a a-H H-H H-a a-g g-l l-i i-_
58	single	2	t e d a n z u s.	_t e d a n z u s._	9	_-t t-e e-d d-a a-n n-z z-u u-s. s.-_
59	single	2	k a k a X m a k	_k a k a X m a k_	9	_-k k-a a-k k-a a-X X-m m-a a-k k-_
60	single	2	H u g a ? t. i. t.	_H u g a ? t. i. t._	9	_-H H-u u-g g-a a-? ?-t. t.-i. i.-t. t.-_
61	single	2	s. e. q i. s s. i. t.	_s. e. q i. s s. i. t._	9	_-s. s.-e. e.-q q-i. i.-s s-s. s.-i. i.-t. t.-_
62	single	2	m i S a z H e t	_m i S a z H e t_	9	_-m m-i i-S S-a a-z z-H H-e e-t t-_
63	single	2	? u r u H g e n	_? u r u H g e n_	9	_-? ?-u u-r r-u u-H H-g g-e e-n n-_
64	single	2	S u s e s n u s	_S u s e s n u s_	9	_-S S-u u-s s-e e-s s-n n-u u-s s-_
65	single	3	q a. a. j e a j	_q a. a. j e a j_	8	_-q q-a. a.-a. a.-j j-e e-a a-j j-_
66	single	3	r a a b u e j	_r a a b u e j_	8	_-r r-a a-a a-b b-u u-e e-j j-_
67	single	1	e q k u m m a	_e q k u m m a_	8	_-e e-q q-k k-u u-m m-m m-a a-_
68	single	1	u S p i s x e	_u S p i s x e_	8	_-u u-S S-p p-i i-s s-x x-e e-_
69	single	3	b a u s. e. e. x	_b a u s. e. e. x_	8	_-b b-a a-u u-s. s.-e. e.-e. e.-x x-_
70	single	2	z e n a t. q e. s	_z e n a t. q e. s_	9	_-z z-e e-n n-a a-t. t.-q q-e. e.-s s-_
71	single	2	n a s. a. H w e H	_n a s. a. H w e H_	9	_-n n-a a-s. s.-a. a.-H H-w w-e e-H H-_
72	single	1	i q d e s t. a.	_i q d e s t. a._	8	_-i i-q q-d d-e e-s s-t. t.-a. a.-_
73	single	2	j a S u X r i s.	_j a S u X r i s._	9	_-j j-a a-S S-u u-X X-r r-i i-s. s.-_
74	single	2	s a t. u. t. w u d	_s a t. u. t. w u d_	9	_-s s-a a-t. t.-u. u.-t. t.-w w-u u-d d-_
75	single	2	g u s i l m e w	_g u s i l m e w_	9	_-g g-u u-s s-i i-l l-m m-e e-w w-_
76	single	3	l u a z u u l	_l u a z u u l_	8	_-l l-u u-a a-z z-u u-u u-l l-_
77	single	3	n e e b u u p	_n e e b u u p_	8	_-n n-e e-e e-b b-u u-u u-p p-_
78	single	2	X u p e r n i X	_X u p e r n i X_	9	_-X X-u u-p p-e e-r r-n n-i i-X X-_
79	single	2	w a H e m x a q	_w a H e m x a q_	9	_-w w-a a-H H-e e-m m-x x-a a-q q-_
80	single	2	d u t. a. b z i w	_d u t. a. b z i w_	9	_-d d-u u-t. t.-a. a.-b b-z z-i i-w w-_
81	single	1	e t m e p x a	_e t m e p x a_	8	_-e e-t t-m m-e e-p p-x x-a a-_
82	single	1	i m r e X z e	_i m r e X z e_	8	_-i i-m m-r r-e e-X X-z z-e e-_
83	single	1	a q d i H x i	_a q d i H x i_	8	_-a a-q q-d d-i i-H H-x x-i i-_
84	single	1	a t j e H l i	_a t j e H l i_	8	_-a a-t t-j j-e e-H H-l l-i i-_
85	single	3	d i e X e i b	_d i e X e i b_	8	_-d d-i i-e e-X X-e e-i i-b b-_
86	single	1	a X x u ? t. i.	_a X x u ? t. i._	8	_-a a-X X-x x-u u-? ?-t. t.-i. i.-_
87	single	1	e z H u S m u	_e z H u S m u_	8	_-e e-z z-H H-u u-S S-m m-u u-_
88	single	1	a g ? u ? r e	_a g ? u ? r e_	8	_-a a-g g-? ?-u u-? ?-r r-e e-_
89	single	1	i S t e s. b i	_i S t e s. b i_	8	_-i i-S S-t t-e e-s. s.-b b-i i-_
90	single	3	t. u. u. H a i g	_t. u. u. H a i g_	8	_-t. t.-u. u.-u. u.-H H-a a-i i-g g-_
91	single	2	x u X i d j i r	_x u X i d j i r_	9	_-x x-u u-X X-i i-d d-j j-i i-r r-_
92	single	1	e X t. u. k l e	_e X t. u. k l e_	8	_-e e-X X-t. t.-u. u.-k k-l l-e e-_
93	single	3	t a e S a a x	_t a e S a a x_	8	_-t t-a a-e e-S S-a a-a a-x x-_
94	single	3	s. i. u. q a. i. d	_s. i. u. q a. i. d_	8	_-s. s.-i. i.-u. u.-q q-a. a.-i. i.-d d-_
95	single	1	u d s. i. m t. u.	_u d s. i. m t. u._	8	_-u u-d d-s. s.-i. i.-m m-t. t.-u. u.-_
96	single	3	q a. e. j u i d	_q a. e. j u i d_	8	_-q q-a. a.-e. e.-j j-u u-i i-d d-_
97	single	2	g i g a s. q i. H	_g i g a s. q i. H_	9	_-g g-i i-g g-a a-s. s.-q q-i. i.-H H-_
98	single	1	i t p a r q i.	_i t p a r q i._	8	_-i i-t t-p p-a a-r r-q q-i. i.-_
99	single	2	t u r a s s a j	_t u r a s s a j_	9	_-t t-u u-r r-a a-s s-s s-a a-j j-_
100	single	3	t. i. e. X a e k	_t. i. e. X a e k_	8	_-t. t.-i. i.-e. e.-X X-a a-e e-k k-_
101	single	2	t. a. q u. w p e b	_t. a. q u. w p e b_	9	_-t. t.-a. a.-q q-u. u.-w w-p p-e e-b b-_
102	single	1	u g s. i. x q u.	_u g s. i. x q u._	8	_-u u-g g-s. s.-i. i.-x x-q q-u. u.-_
103	single	2	l e t. a. S g u t.	_l e t. a. S g u t._	9	_-l l-e e-t. t.-a. a.-S S-g g-u u-t. t.-_
104	single	3	k u a w i a d	_k u a w i a d_	8	_-k k-u u-a a-w w-i i-a a-d d-_
105	single	1	i t q e. p s. i.	_i t q e. p s. i._	8	_-i i-t t-q q-e. e.-p p-s. s.-i. i.-_
106	single	1	i w g u b k i	_i w g u b k i_	8	_-i i-w w-g g-u u-b b-k k-i i-_
107	single	3	q u. e. t. u. i. s	_q u. e. t. u. i. s_	8	_-q q-u. u.-e. e.-t. t.-u. u.-i. i.-s s-_
108	single	1	a l x e j l e	_a l x e j l e_	8	_-a a-l l-x x-e e-j j-l l-e e-_
109	single	2	q i. l e r z a S	_q i. l e r z a S_	9	_-q q-i. i.-l l-e e-r r-z z-a a-S S-_
110	single	1	i n b u ? s. e.	_i n b u ? s. e._	8	_-i i-n n-b b-u u-? ?-s. s.-e. e.-_
111	single	1	i j s u z r i	_i j s u z r i_	8	_-i i-j j-s s-u u-z z-r r-i i-_
112	single	1	i s t e g H i	_i s t e g H i_	8	_-i i-s s-t t-e e-g g-H H-i i-_
113	single	1	a s q e. b t u	_a s q e. b t u_	8	_-a a-s s-q q-e. e.-b b-t t-u u-_
114	single	3	b a a p e u j	_b a a p e u j_	8	_-b b-a a-a a-p p-e e-u u-j j-_
115	single	3	q e. u. x i e k	_q e. u. x i e k_	8	_-q q-e. e.-u. u.-x x-i i-e e-k k-_
116	single	1	e ? l i k x u	_e ? l i k x u_	8	_-e e-? ?-l l-i i-k k-x x-u u-_
117	single	1	i z s. u. t s. e.	_i z s. u. t s. e._	8	_-i i-z z-s. s.-u. u.-t t-s. s.-e. e.-_
118	single	1	u x s. a. s m a	_u x s. a. s m a_	8	_-u u-x x-s. s.-a. a.-s s-m m-a a-_
119	single	1	a t t. e. p m u	_a t t. e. p m u_	8	_-a a-t t-t. t.-e. e.-p p-m m-u u-_
120	single	1	i b s. u. r p a	_i b s. u. r p a_	8	_-i i-b b-s. s.-u. u.-r r-p p-a a-_
121	single	1	u x q a. s. ? u	_u x q a. s. ? u_	8	_-u u-x x-q q-a. a.-s. s.-? ?-u u-_
122	single	1	a j q e. l x i	_a j q e. l x i_	8	_-a a-j j-q q-e. e.-l l-x x-i i-_
123	single	1	a z q e. r w a	_a z q e. r w a_	8	_-a a-z z-q q-e. e.-r r-w w-a a-_
124	single	1	i p q u. g l i	_i p q u. g l i_	8	_-i i-p p-q q-u. u.-g g-l l-i i-_
125	single	3	d e e q e. i. r	_d e e q e. i. r_	8	_-d d-e e-e e-q q-e. e.-i. i.-r r-_
126	single	1	a b q i. k S a	_a b q i. k S a_	8	_-a a-b b-q q-i. i.-k k-S S-a a-_
127	single	1	e ? r u j t. a.	_e ? r u j t. a._	8	_-e e-? ?-r r-u u-j j-t. t.-a. a.-_
128	single	1	i l t. a. ? q e.	_i l t. a. ? q e._	8	_-i i-l l-t. t.-a. a.-? ?-q q-e. e.-_
129	single	1	e m s. a. t. s. i.	_e m s. a. t. s. i._	8	_-e e-m m-s. s.-a. a.-t. t.-s. s.-i. i.-_
130	single	2	q u. s. e. t. b i s	_q u. s. e. t. b i s_	9	_-q q-u. u.-s. s.-e. e.-t. t.-b b-i i-s s-_
131	single	1	u t. s. e. z ? e	_u t. s. e. z ? e_	8	_-u u-t. t.-s. s.-e. e.-z z-? ?-e e-_
132	single	1	e l t. i. b n a	_e l t. i. b n a_	8	_-e e-l l-t. t.-i. i.-b b-n n-a a-_
133	single	3	? i a t. a. u. X	_? i a t. a. u. X_	8	_-? ?-i i-a a-t. t.-a. a.-u. u.-X X-_
134	single	1	e p p e z ? u	_e p p e z ? u_	8	_-e e-p p-p p-e e-z z-? ?-u u-_
135	single	3	g u i s. e. i. w	_g u i s. e. i. w_	8	_-g g-u u-i i-s. s.-e. e.-i. i.-w w-_
136	single	1	i r s. a. m n u	_i r s. a. m n u_	8	_-i i-r r-s. s.-a. a.-m m-n n-u u-_
137	single	1	e x t i ? w i	_e x t i ? w i_	8	_-e e-x x-t t-i i-? ?-w w-i i-_
138	single	1	e d b e x t i	_e d b e x t i_	8	_-e e-d d-b b-e e-x x-t t-i i-_
139	single	1	u l j u z t. a.	_u l j u z t. a._	8	_-u u-l l-j j-u u-z z-t. t.-a. a.-_
140	single	1	i X q e. S b i	_i X q e. S b i_	8	_-i i-X X-q q-e. e.-S S-b b-i i-_
141	single	1	a r q e. H k a	_a r q e. H k a_	8	_-a a-r r-q q-e. e.-H H-k k-a a-_
142	single	1	u n d e k k a	_u n d e k k a_	8	_-u u-n n-d d-e e-k k-k k-a a-_
143	single	2	s. i. q a. S S e r	_s. i. q a. S S e r_	9	_-s. s.-i. i.-q q-a. a.-S S-S S-e e-r r-_
144	single	1	a m q a. X q e.	_a m q a. X q e._	8	_-a a-m m-q q-a. a.-X X-q q-e. e.-_
145	single	3	t. i. a. z e u l	_t. i. a. z e u l_	8	_-t. t.-i. i.-a. a.-z z-e e-u u-l l-_
146	single	2	t. i. q u. S l e j	_t. i. q u. S l e j_	9	_-t. t.-i. i.-q q-u. u.-S S-l l-e e-j j-_
147	single	1	i t. H a b X i	_i t. H a b X i_	8	_-i i-t. t.-H H-a a-b b-X X-i i-_
148	single	1	i x z e ? ? u	_i x z e ? ? u_	8	_-i i-x x-z z-e e-? ?-? ?-u u-_
149	single	1	i H X e k n e	_i H X e k n e_	8	_-i i-H H-X X-e e-k k-n n-e e-_
150	single	1	u H m a t. l a	_u H m a t. l a_	8	_-u u-H H-m m-a a-t. t.-l l-a a-_
151	single	3	s. i. e. t. e. a. b	_s. i. e. t. e. a. b_	8	_-s. s.-i. i.-e. e.-t. t.-e. e.-a. a.-b b-_
152	single	1	i j X e g p a	_i j X e g p a_	8	_-i i-j j-X X-e e-g g-p p-a a-_
153	single	1	i ? s. i. w j a	_i ? s. i. w j a_	8	_-i i-? ?-s. s.-i. i.-w w-j j-a a-_
154	single	1	e H p u p w e	_e H p u p w e_	8	_-e e-H H-p p-u u-p p-w w-e e-_
155	single	1	i k q u. S z i	_i k q u. S z i_	8	_-i i-k k-q q-u. u.-S S-z z-i i-_
156	single	2	q a. q u. g j e t	_q a. q u. g j e t_	9	_-q q-a. a.-q q-u. u.-g g-j j-e e-t t-_
157	single	1	u n s. a. x t. e.	_u n s. a. x t. e._	8	_-u u-n n-s. s.-a. a.-x x-t. t.-e. e.-_
158	single	1	a X t. i. p l i	_a X t. i. p l i_	8	_-a a-X X-t. t.-i. i.-p p-l l-i i-_
159	single	2	s. i. q e. k s. a. n	_s. i. q e. k s. a. n_	9	_-s. s.-i. i.-q q-e. e.-k k-s. s.-a. a.-n n-_
160	single	3	d a i t. a. e. b	_d a i t. a. e. b_	8	_-d d-a a-i i-t. t.-a. a.-e. e.-b b-_
161	single	3	q u. a. q u. a. j	_q u. a. q u. a. j_	8	_-q q-u. u.-a. a.-q q-u. u.-a. a.-j j-_
162	single	1	a g s. a. r H i	_a g s. a. r H i_	8	_-a a-g g-s. s.-a. a.-r r-H H-i i-_
163	single	3	t. i. a. s. a. i. p	_t. i. a. s. a. i. p_	8	_-t. t.-i. i.-a. a.-s. s.-a. a.-i. i.-p p-_
164	single	2	l a s. e. k s. u. s	_l a s. e. k s. u. s_	9	_-l l-a a-s. s.-e. e.-k k-s. s.-u. u.-s s-_
165	single	1	e s. m i d H u	_e s. m i d H u_	8	_-e e-s. s.-m m-i i-d d-H H-u u-_
166	single	3	s. i. u. s. u. a. l	_s. i. u. s. u. a. l_	8	_-s. s.-i. i.-u. u.-s. s.-u. u.-a. a.-l l-_
167	single	1	u k q a. p d a	_u k q a. p d a_	8	_-u u-k k-q q-a. a.-p p-d d-a a-_
168	single	2	? e t a w q i. z	_? e t a w q i. z_	9	_-? ?-e e-t t-a a-w w-q q-i. i.-z z-_
169	single	3	t. e. u. b u e S	_t. e. u. b u e S_	8	_-t. t.-e. e.-u. u.-b b-u u-e e-S S-_
170	single	1	e b d i t n i	_e b d i t n i_	8	_-e e-b b-d d-i i-t t-n n-i i-_
171	single	2	n a q e. s t. u. s	_n a q e. s t. u. s_	9	_-n n-a a-q q-e. e.-s s-t. t.-u. u.-s s-_
172	single	2	q u. s. e. t j i t.	_q u. s. e. t j i t._	9	_-q q-u. u.-s. s.-e. e.-t t-j j-i i-t. t.-_
173	single	1	a n s. i. n l e	_a n s. i. n l e_	8	_-a a-n n-s. s.-i. i.-n n-l l-e e-_
174	single	1	a S s. e. p s a	_a S s. e. p s a_	8	_-a a-S S-s. s.-e. e.-p p-s s-a a-_
175	single	2	t. i. t i s s. e. t	_t. i. t i s s. e. t_	9	_-t. t.-i. i.-t t-i i-s s-s. s.-e. e.-t t-_
176	single	2	q i. l u s. x u w	_q i. l u s. x u w_	9	_-q q-i. i.-l l-u u-s. s.-x x-u u-w w-_
177	single	1	u k w a k H u	_u k w a k H u_	8	_-u u-k k-w w-a a-k k-H H-u u-_
178	single	1	u w s. a. S x i	_u w s. a. S x i_	8	_-u u-w w-s. s.-a. a.-S S-x x-i i-_
179	single	3	t. u. e. s. u. u. ?	_t. u. e. s. u. u. ?_	8	_-t. t.-u. u.-e. e.-s. s.-u. u.-u. u.-? ?-_
180	single	1	i p k i m t u	_i p k i m t u_	8	_-i i-p p-k k-i i-m m-t t-u u-_
181	single	1	i q t. i. s. X i	_i q t. i. s. X i_	8	_-i i-q q-t. t.-i. i.-s. s.-X X-i i-_
182	single	3	q i. i. S u u g	_q i. i. S u u g_	8	_-q q-i. i.-i. i.-S S-u u-u u-g g-_
183	single	1	a ? s. u. j t. i.	_a ? s. u. j t. i._	8	_-a a-? ?-s. s.-u. u.-j j-t. t.-i. i.-_
184	single	1	u s. s. u. l l a	_u s. s. u. l l a_	8	_-u u-s. s.-s. s.-u. u.-l l-l l-a a-_
185	single	1	u s q e. w j a	_u s q e. w j a_	8	_-u u-s s-q q-e. e.-w w-j j-a a-_
186	single	2	t. i. k i s. t. i. s	_t. i. k i s. t. i. s_	9	_-t. t.-i. i.-k k-i i-s. s.-t. t.-i. i.-s s-_
187	single	1	u p s. u. m j u	_u p s. u. m j u_	8	_-u u-p p-s. s.-u. u.-m m-j j-u u-_
188	single	1	e X g e w m a	_e X g e w m a_	8	_-e e-X X-g g-e e-w w-m m-a a-_
189	single	2	q a. w i g s. e. d	_q a. w i g s. e. d_	9	_-q q-a. a.-w w-i i-g g-s. s.-e. e.-d d-_
190	single	1	i d n i X k u	_i d n i X k u_	8	_-i i-d d-n n-i i-X X-k k-u u-_
191	single	1	a d s. i. ? s i	_a d s. i. ? s i_	8	_-a a-d d-s. s.-i. i.-? ?-s s-i i-_
192	single	1	i H s. u. m X u	_i H s. u. m X u_	8	_-i i-H H-s. s.-u. u.-m m-X X-u u-_
193	single	2	t. i. j i t q a. w	_t. i. j i t q a. w_	9	_-t. t.-i. i.-j j-i i-t t-q q-a. a.-w w-_
194	single	1	e n q u. t. p i	_e n q u. t. p i_	8	_-e e-n n-q q-u. u.-t. t.-p p-i i-_
195	single	1	u t d a g g a	_u t d a g g a_	8	_-u u-t t-d d-a a-g g-g g-a a-_
196	single	2	w u l u X s. e. n	_w u l u X s. e. n_	9	_-w w-u u-l l-u u-X X-s. s.-e. e.-n n-_
197	single	1	a S t. i. H g u	_a S t. i. H g u_	8	_-a a-S S-t. t.-i. i.-H H-g g-u u-_
198	single	1	e j s. u. z X u	_e j s. u. z X u_	8	_-e e-j j-s. s.-u. u.-z z-X X-u u-_
199	single	1	a X s. u. p z a	_a X s. u. p z a_	8	_-a a-X X-s. s.-u. u.-p p-z z-a a-_
200	single	3	t. i. i. X a i X	_t. i. i. X a i X_	8	_-t. t.-i. i.-i. i.-X X-a a-i i-X X-_
201	single	1	u g t. e. X t i	_u g t. e. X t i_	8	_-u u-g g-t. t.-e. e.-X X-t t-i i-_
202	single	1	a k r e d t. a.	_a k r e d t. a._	8	_-a a-k k-r r-e e-d d-t. t.-a. a.-_
203	single	1	i m s. e. r l u	_i m s. e. r l u_	8	_-i i-m m-s. s.-e. e.-r r-l l-u u-_
204	single	1	e s. t e z p u	_e s. t e z p u_	8	_-e e-s. s.-t t-e e-z z-p p-u u-_
205	single	1	i S q i. t. k e	_i S q i. t. k e_	8	_-i i-S S-q q-i. i.-t. t.-k k-e e-_
206	single	1	i r t. e. j q a.	_i r t. e. j q a._	8	_-i i-r r-t. t.-e. e.-j j-q q-a. a.-_
207	single	1	u s. ? i g m i	_u s. ? i g m i_	8	_-u u-s. s.-? ?-i i-g g-m m-i i-_
208	single	3	q a. a. t. i. u. k	_q a. a. t. i. u. k_	8	_-q q-a. a.-a. a.-t. t.-i. i.-u. u.-k k-_
209	single	1	e m ? i H q a.	_e m ? i H q a._	8	_-e e-m m-? ?-i i-H H-q q-a. a.-_
210	single	1	e d s i ? g e	_e d s i ? g e_	8	_-e e-d d-s s-i i-? ?-g g-e e-_
211	single	1	e t. t. i. k ? a	_e t. t. i. k ? a_	8	_-e e-t. t.-t. t.-i. i.-k k-? ?-a a-_
212	single	1	a l s. a. n n a	_a l s. a. n n a_	8	_-a a-l l-s. s.-a. a.-n n-n n-a a-_
213	single	1	a x j a H n u	_a x j a H n u_	8	_-a a-x x-j j-a a-H H-n n-u u-_
214	single	2	d e t. i. g r e s.	_d e t. i. g r e s._	9	_-d d-e e-t. t.-i. i.-g g-r r-e e-s. s.-_
215	single	1	i k t. u. l k i	_i k t. u. l k i_	8	_-i i-k k-t. t.-u. u.-l l-k k-i i-_
216	single	3	s. a. e. q i. a. g	_s. a. e. q i. a. g_	8	_-s. s.-a. a.-e. e.-q q-i. i.-a. a.-g g-_
217	single	1	u m z e m p a	_u m z e m p a_	8	_-u u-m m-z z-e e-m m-p p-a a-_
218	single	1	i r m a b ? u	_i r m a b ? u_	8	_-i i-r r-m m-a a-b b-? ?-u u-_
219	single	1	u n t a X H a	_u n t a X H a_	8	_-u u-n n-t t-a a-X X-H H-a a-_
220	single	3	x u i q a. u. X	_x u i q a. u. X_	8	_-x x-u u-i i-q q-a. a.-u. u.-X X-_
221	single	1	a w b i q z a	_a w b i q z a_	8	_-a a-w w-b b-i i-q q-z z-a a-_
222	single	1	e p t. u. w p e	_e p t. u. w p e_	8	_-e e-p p-t. t.-u. u.-w w-p p-e e-_
223	single	1	e t k u p r u	_e t k u p r u_	8	_-e e-t t-k k-u u-p p-r r-u u-_
224	single	1	e b t. e. ? x i	_e b t. e. ? x i_	8	_-e e-b b-t. t.-e. e.-? ?-x x-i i-_
225	single	1	i d q e. H m u	_i d q e. H m u_	8	_-i i-d d-q q-e. e.-H H-m m-u u-_
226	single	1	u S t. u. r X a	_u S t. u. r X a_	8	_-u u-S S-t. t.-u. u.-r r-X X-a a-_
227	single	1	a x s. a. r g a	_a x s. a. r g a_	8	_-a a-x x-s. s.-a. a.-r r-g g-a a-_
228	single	1	e q X u r d u	_e q X u r d u_	8	_-e e-q q-X X-u u-r r-d d-u u-_
229	single	1	e d x u t X u	_e d x u t X u_	8	_-e e-d d-x x-u u-t t-X X-u u-_
230	single	1	i s. t. u. n j a	_i s. t. u. n j a_	8	_-i i-s. s.-t. t.-u. u.-n n-j j-a a-_
231	single	1	u d ? i x p u	_u d ? i x p u_	8	_-u u-d d-? ?-i i-x x-p p-u u-_
232	single	1	a w z i t H i	_a w z i t H i_	8	_-a a-w w-z z-i i-t t-H H-i i-_
233	single	1	e p q a. g w e	_e p q a. g w e_	8	_-e e-p p-q q-a. a.-g g-w w-e e-_
234	single	1	u s t. i. d r u	_u s t. i. d r u_	8	_-u u-s s-t. t.-i. i.-d d-r r-u u-_
235	single	1	a X X a ? H u	_a X X a ? H u_	8	_-a a-X X-X X-a a-? ?-H H-u u-_
236	single	1	u x k u m H e	_u x k u m H e_	8	_-u u-x x-k k-u u-m m-H H-e e-_
237	single	1	a S r i n s u	_a S r i n s u_	8	_-a a-S S-r r-i i-n n-s s-u u-_
238	single	1	a n t. i. t l a	_a n t. i. t l a_	8	_-a a-n n-t. t.-i. i.-t t-l l-a a-_
239	single	1	e H t. u. w q u.	_e H t. u. w q u._	8	_-e e-H H-t. t.-u. u.-w w-q q-u. u.-_
240	single	1	i l q i. j p u	_i l q i. j p u_	8	_-i i-l l-q q-i. i.-j j-p p-u u-_
241	single	1	i s. q u. t g i	_i s. q u. t g i_	8	_-i i-s. s.-q q-u. u.-t t-g g-i i-_
242	single	1	u z s. e. m g u	_u z s. e. m g u_	8	_-u u-z z-s. s.-e. e.-m m-g g-u u-_
243	single	1	a g S e z d i	_a g S e z d i_	8	_-a a-g g-S S-e e-z z-d d-i i-_
244	single	1	i p t e x n i	_i p t e x n i_	8	_-i i-p p-t t-e e-x x-n n-i i-_
245	single	1	u S H u l d i	_u S H u l d i_	8	_-u u-S S-H H-u u-l l-d d-i i-_
246	single	1	a s s. e. S w i	_a s s. e. S w i_	8	_-a a-s s-s. s.-e. e.-S S-w w-i i-_
247	single	1	u m w e n X e	_u m w e n X e_	8	_-u u-m m-w w-e e-n n-X X-e e-_
248	single	3	j i i q e. e. b	_j i i q e. e. b_	8	_-j j-i i-i i-q q-e. e.-e. e.-b b-_
249	single	1	e l s. a. d k u	_e l s. a. d k u_	8	_-e e-l l-s. s.-a. a.-d d-k k-u u-_
250	single	1	e t. d i s g e	_e t. d i s g e_	8	_-e e-t. t.-d d-i i-s s-g g-e e-_
251	single	1	u l H a z w u	_u l H a z w u_	8	_-u u-l l-H H-a a-z z-w w-u u-_
252	single	1	u k d u z s i	_u k d u z s i_	8	_-u u-k k-d d-u u-z z-s s-i i-_
253	single	1	a q n a s. S a	_a q n a s. S a_	8	_-a a-q q-n n-a a-s. s.-S S-a a-_
254	single	1	e t. x e t. s i	_e t. x e t. s i_	8	_-e e-t. t.-x x-e e-t. t.-s s-i i-_
255	single	2	t. i. q i. S t. u. x	_t. i. q i. S t. u. x_	9	_-t. t.-i. i.-q q-i. i.-S S-t. t.-u. u.-x x-_
256	single	1	i b l i t z a	_i b l i t z a_	8	_-i i-b b-l l-i i-t t-z z-a a-_
257	single	1	i z q a. ? H i	_i z q a. ? H i_	8	_-i i-z z-q q-a. a.-? ?-H H-i i-_
258	single	1	e ? q a. s z i	_e ? q a. s z i_	8	_-e e-? ?-q q-a. a.-s s-z z-i i-_
259	single	1	u X w u m s a	_u X w u m s a_	8	_-u u-X X-w w-u u-m m-s s-a a-_
260	single	1	u r t u z t i	_u r t u z t i_	8	_-u u-r r-t t-u u-z z-t t-i i-_
261	single	1	u t ? a s. g i	_u t ? a s. g i_	8	_-u u-t t-? ?-a a-s. s.-g g-i i-_
262	single	1	i l t i s s a	_i l t i s s a_	8	_-i i-l l-t t-i i-s s-s s-a a-_
263	single	1	u s. r a t s i	_u s. r a t s i_	8	_-u u-s. s.-r r-a a-t t-s s-i i-_
264	single	1	u s j i s X a	_u s j i s X a_	8	_-u u-s s-j j-i i-s s-X X-a a-_
265	single	2	d a s. a. t t i d	_d a s. a. t t i d_	9	_-d d-a a-s. s.-a. a.-t t-t t-i i-d d-_
266	single	1	e g q e. j r e	_e g q e. j r e_	8	_-e e-g g-q q-e. e.-j j-r r-e e-_
267	single	1	e l b e b H u	_e l b e b H u_	8	_-e e-l l-b b-e e-b b-H H-u u-_
268	single	1	u q S a s. w e	_u q S a s. w e_	8	_-u u-q q-S S-a a-s. s.-w w-e e-_
269	single	1	e n q i. X w e	_e n q i. X w e_	8	_-e e-n n-q q-i. i.-X X-w w-e e-_
270	single	1	a l q i. x r e	_a l q i. x r e_	8	_-a a-l l-q q-i. i.-x x-r r-e e-_
271	single	1	e b s. a. z k a	_e b s. a. z k a_	8	_-e e-b b-s. s.-a. a.-z z-k k-a a-_
272	single	1	a g d a q w e	_a g d a q w e_	8	_-a a-g g-d d-a a-q q-w w-e e-_
273	single	1	u ? g i s b u	_u ? g i s b u_	8	_-u u-? ?-g g-i i-s s-b b-u u-_
274	single	1	a x w i ? p u	_a x w i ? p u_	8	_-a a-x x-w w-i i-? ?-p p-u u-_
275	single	1	u x m e r x a	_u x m e r x a_	8	_-u u-x x-m m-e e-r r-x x-a a-_
276	single	1	u w k e n k e	_u w k e n k e_	8	_-u u-w w-k k-e e-n n-k k-e e-_
277	single	1	u q j u d p i	_u q j u d p i_	8	_-u u-q q-j j-u u-d d-p p-i i-_
278	single	1	e b m u q p e	_e b m u q p e_	8	_-e e-b b-m m-u u-q q-p p-e e-_
279	single	1	e j b i t r u	_e j b i t r u_	8	_-e e-j j-b b-i i-t t-r r-u u-_
280	single	1	e t x a s r i	_e t x a s r i_	8	_-e e-t t-x x-a a-s s-r r-i i-_
281	single	1	e t. g e t. r u	_e t. g e t. r u_	8	_-e e-t. t.-g g-e e-t. t.-r r-u u-_
282	single	1	i H t a l w u	_i H t a l w u_	8	_-i i-H H-t t-a a-l l-w w-u u-_
283	single	1	u w t u t n e	_u w t u t n e_	8	_-u u-w w-t t-u u-t t-n n-e e-_
284	single	3	t. e. a. t. u. e. r	_t. e. a. t. u. e. r_	8	_-t. t.-e. e.-a. a.-t. t.-u. u.-e. e.-r r-_
285	single	1	i t S e q l i	_i t S e q l i_	8	_-i i-t t-S S-e e-q q-l l-i i-_
286	single	1	i t. t. e. j k u	_i t. t. e. j k u_	8	_-i i-t. t.-t. t.-e. e.-j j-k k-u u-_
287	single	3	s. a. u. ? i u x	_s. a. u. ? i u x_	8	_-s. s.-a. a.-u. u.-? ?-i i-u u-x x-_
288	single	1	e x d u s. l a	_e x d u s. l a_	8	_-e e-x x-d d-u u-s. s.-l l-a a-_
289	single	1	a p j i r j i	_a p j i r j i_	8	_-a a-p p-j j-i i-r r-j j-i i-_
290	single	1	a s. n e t. z u	_a s. n e t. z u_	8	_-a a-s. s.-n n-e e-t. t.-z z-u u-_
291	single	1	a q t. i. z t i	_a q t. i. z t i_	8	_-a a-q q-t. t.-i. i.-z z-t t-i i-_
292	single	2	b i t. a. g q e. g	_b i t. a. g q e. g_	9	_-b b-i i-t. t.-a. a.-g g-q q-e. e.-g g-_
293	single	1	e X s e s p a	_e X s e s p a_	8	_-e e-X X-s s-e e-s s-p p-a a-_
294	single	1	u p H i d k e	_u p H i d k e_	8	_-u u-p p-H H-i i-d d-k k-e e-_
295	single	1	e z b u s. H i	_e z b u s. H i_	8	_-e e-z z-b b-u u-s. s.-H H-i i-_
296	single	1	e s. s. i. r H e	_e s. s. i. r H e_	8	_-e e-s. s.-s. s.-i. i.-r r-H H-e e-_
297	single	1	u s. t. a. m d a	_u s. t. a. m d a_	8	_-u u-s. s.-t. t.-a. a.-m m-d d-a a-_
298	single	1	e X b i X d e	_e X b i X d e_	8	_-e e-X X-b b-i i-X X-d d-e e-_
299	single	1	a ? q a. X l a	_a ? q a. X l a_	8	_-a a-? ?-q q-a. a.-X X-l l-a a-_
300	single	1	u p b i s S a	_u p b i s S a_	8	_-u u-p p-b b-i i-s s-S S-a a-_
301	single	1	a q t a g b u	_a q t a g b u_	8	_-a a-q q-t t-a a-g g-b b-u u-_
302	single	1	i n t. a. l s u	_i n t. a. l s u_	8	_-i i-n n-t. t.-a. a.-l l-s s-u u-_
303	single	1	a j t e j m a	_a j t e j m a_	8	_-a a-j j-t t-e e-j j-m m-a a-_
304	single	1	u q n u g n i	_u q n u g n i_	8	_-u u-q q-n n-u u-g g-n n-i i-_
305	single	1	e k g a d g u	_e k g a d g u_	8	_-e e-k k-g g-a a-d d-g g-u u-_
306	single	1	e t. q e. X t i	_e t. q e. X t i_	8	_-e e-t. t.-q q-e. e.-X X-t t-i i-_
307	single	1	u b r u n s e	_u b r u n s e_	8	_-u u-b b-r r-u u-n n-s s-e e-_
308	single	1	u H d a l X a	_u H d a l X a_	8	_-u u-H H-d d-a a-l l-X X-a a-_
309	single	1	e ? n i d w a	_e ? n i d w a_	8	_-e e-? ?-n n-i i-d d-w w-a a-_
310	single	1	u k p e w k u	_u k p e w k u_	8	_-u u-k k-p p-e e-w w-k k-u u-_
311	single	1	i x g e d S a	_i x g e d S a_	8	_-i i-x x-g g-e e-d d-S S-a a-_
312	single	1	a q b a q g i	_a q b a q g i_	8	_-a a-q q-b b-a a-q q-g g-i i-_
313	single	1	u g t. i. b b e	_u g t. i. b b e_	8	_-u u-g g-t. t.-i. i.-b b-b b-e e-_
314	single	1	e w s e k s a	_e w s e k s a_	8	_-e e-w w-s s-e e-k k-s s-a a-_
315	single	1	i H s u t S i	_i H s u t S i_	8	_-i i-H H-s s-u u-t t-S S-i i-_
316	single	1	e t. g a t. ? i	_e t. g a t. ? i_	8	_-e e-t. t.-g g-a a-t. t.-? ?-i i-_
317	single	1	i q s. a. d S a	_i q s. a. d S a_	8	_-i i-q q-s. s.-a. a.-d d-S S-a a-_
318	single	1	a z z i w S e	_a z z i w S e_	8	_-a a-z z-z z-i i-w w-S S-e e-_
319	single	1	i r t. a. t b a	_i r t. a. t b a_	8	_-i i-r r-t. t.-a. a.-t t-b b-a a-_
320	single	2	m u q u. n p e w	_m u q u. n p e w_	9	_-m m-u u-q q-u. u.-n n-p p-e e-w w-_
321	single	1	i m s. e. s ? e	_i m s. e. s ? e_	8	_-i i-m m-s. s.-e. e.-s s-? ?-e e-_
322	single	1	e x H u z g u	_e x H u z g u_	8	_-e e-x x-H H-u u-z z-g g-u u-_
323	single	1	u w x a s. j e	_u w x a s. j e_	8	_-u u-w w-x x-a a-s. s.-j j-e e-_
324	single	1	a X X i b x e	_a X X i b x e_	8	_-a a-X X-X X-i i-b b-x x-e e-_
325	single	1	e w ? u p g u	_e w ? u p g u_	8	_-e e-w w-? ?-u u-p p-g g-u u-_
326	single	1	a g d i g z i	_a g d i g z i_	8	_-a a-g g-d d-i i-g g-z z-i i-_
327	single	1	a S X u H t u	_a S X u H t u_	8	_-a a-S S-X X-u u-H H-t t-u u-_
328	single	1	a n t. e. l n i	_a n t. e. l n i_	8	_-a a-n n-t. t.-e. e.-l l-n n-i i-_
329	single	1	e m g u n ? a	_e m g u n ? a_	8	_-e e-m m-g g-u u-n n-? ?-a a-_
330	single	1	a t w a ? z a	_a t w a ? z a_	8	_-a a-t t-w w-a a-? ?-z z-a a-_
331	single	1	e w n u s. z a	_e w n u s. z a_	8	_-e e-w w-n n-u u-s. s.-z z-a a-_
332	single	1	u q p u l z i	_u q p u l z i_	8	_-u u-q q-p p-u u-l l-z z-i i-_
333	single	1	i t. t e m m a	_i t. t e m m a_	8	_-i i-t. t.-t t-e e-m m-m m-a a-_
334	single	1	i w s. u. q S e	_i w s. u. q S e_	8	_-i i-w w-s. s.-u. u.-q q-S S-e e-_
335	single	1	u n S u w w i	_u n S u w w i_	8	_-u u-n n-S S-u u-w w-w w-i i-_
336	single	1	i s. s i ? d e	_i s. s i ? d e_	8	_-i i-s. s.-s s-i i-? ?-d d-e e-_
337	single	2	q e. q e. H ? a s	_q e. q e. H ? a s_	9	_-q q-e. e.-q q-e. e.-H H-? ?-a a-s s-_
338	single	1	a g x e d ? u	_a g x e d ? u_	8	_-a a-g g-x x-e e-d d-? ?-u u-_
339	single	1	e H S e x g u	_e H S e x g u_	8	_-e e-H H-S S-e e-x x-g g-u u-_
340	single	1	a x q u. d t. i.	_a x q u. d t. i._	8	_-a a-x x-q q-u. u.-d d-t. t.-i. i.-_
341	single	1	e b s e q H u	_e b s e q H u_	8	_-e e-b b-s s-e e-q q-H H-u u-_
342	single	1	e q x u ? t e	_e q x u ? t e_	8	_-e e-q q-x x-u u-? ?-t t-e e-_
343	single	1	u j H e m ? a	_u j H e m ? a_	8	_-u u-j j-H H-e e-m m-? ?-a a-_
344	single	1	a p X u X b u	_a p X u X b u_	8	_-a a-p p-X X-u u-X X-b b-u u-_
345	single	1	a j s. a. d n a	_a j s. a. d n a_	8	_-a a-j j-s. s.-a. a.-d d-n n-a a-_
346	single	1	i H z a H j u	_i H z a H j u_	8	_-i i-H H-z z-a a-H H-j j-u u-_
347	single	1	a X g a q r a	_a X g a q r a_	8	_-a a-X X-g g-a a-q q-r r-a a-_
348	single	1	e x d e q ? i	_e x d e q ? i_	8	_-e e-x x-d d-e e-q q-? ?-i i-_
349	single	1	a t. S i p l i	_a t. S i p l i_	8	_-a a-t. t.-S S-i i-p p-l l-i i-_
350	single	1	i k j u m S a	_i k j u m S a_	8	_-i i-k k-j j-u u-m m-S S-a a-_
351	single	1	u k s e p ? u	_u k s e p ? u_	8	_-u u-k k-s s-e e-p p-? ?-u u-_
352	single	1	i m l u k p u	_i m l u k p u_	8	_-i i-m m-l l-u u-k k-p p-u u-_
353	single	1	a X q i. g p e	_a X q i. g p e_	8	_-a a-X X-q q-i. i.-g g-p p-e e-_
354	single	1	e t. p a S ? i	_e t. p a S ? i_	8	_-e e-t. t.-p p-a a-S S-? ?-i i-_
355	single	1	u d m u j w a	_u d m u j w a_	8	_-u u-d d-m m-u u-j j-w w-a a-_
356	single	1	e s H i q q i.	_e s H i q q i._	8	_-e e-s s-H H-i i-q q-q q-i. i.-_
357	single	1	e j ? e x ? e	_e j ? e x ? e_	8	_-e e-j j-? ?-e e-x x-? ?-e e-_
358	single	1	i w r u t. z e	_i w r u t. z e_	8	_-i i-w w-r r-u u-t. t.-z z-e e-_
359	single	2	s. u. j i k t. a. X	_s. u. j i k t. a. X_	9	_-s. s.-u. u.-j j-i i-k k-t. t.-a. a.-X X-_
360	single	1	u b S u n b a	_u b S u n b a_	8	_-u u-b b-S S-u u-n n-b b-a a-_
361	single	1	e H s. i. r p i	_e H s. i. r p i_	8	_-e e-H H-s. s.-i. i.-r r-p p-i i-_
362	single	1	a X m u z j u	_a X m u z j u_	8	_-a a-X X-m m-u u-z z-j j-u u-_
363	single	1	a k m a X z e	_a k m a X z e_	8	_-a a-k k-m m-a a-X X-z z-e e-_
364	single	1	i b j a s. s i	_i b j a s. s i_	8	_-i i-b b-j j-a a-s. s.-s s-i i-_
365	single	1	a d b u k r u	_a d b u k r u_	8	_-a a-d d-b b-u u-k k-r r-u u-_
366	single	1	i s. q e. ? b a	_i s. q e. ? b a_	8	_-i i-s. s.-q q-e. e.-? ?-b b-a a-_
367	single	1	e S j u s. j a	_e S j u s. j a_	8	_-e e-S S-j j-u u-s. s.-j j-a a-_
368	single	1	e d q u. t. m i	_e d q u. t. m i_	8	_-e e-d d-q q-u. u.-t. t.-m m-i i-_
369	single	1	e ? x a d t e	_e ? x a d t e_	8	_-e e-? ?-x x-a a-d d-t t-e e-_
370	single	1	u t d i t. n a	_u t d i t. n a_	8	_-u u-t t-d d-i i-t. t.-n n-a a-_
371	single	1	e t g a p z e	_e t g a p z e_	8	_-e e-t t-g g-a a-p p-z z-e e-_
372	single	3	q u. i. p a u l	_q u. i. p a u l_	8	_-q q-u. u.-i. i.-p p-a a-u u-l l-_
373	single	1	a p x e n w u	_a p x e n w u_	8	_-a a-p p-x x-e e-n n-w w-u u-_
374	single	1	e H t. i. H H e	_e H t. i. H H e_	8	_-e e-H H-t. t.-i. i.-H H-H H-e e-_
375	single	1	u s l i S d a	_u s l i S d a_	8	_-u u-s s-l l-i i-S S-d d-a a-_
376	single	1	a d q u. b ? a	_a d q u. b ? a_	8	_-a a-d d-q q-u. u.-b b-? ?-a a-_
377	single	1	e d z a g H i	_e d z a g H i_	8	_-e e-d d-z z-a a-g g-H H-i i-_
378	single	1	e z S e l w e	_e z S e l w e_	8	_-e e-z z-S S-e e-l l-w w-e e-_
379	single	1	u d t u j j e	_u d t u j j e_	8	_-u u-d d-t t-u u-j j-j j-e e-_
380	single	1	e j p e k z u	_e j p e k z u_	8	_-e e-j j-p p-e e-k k-z z-u u-_
381	single	1	e t t. a. k p e	_e t t. a. k p e_	8	_-e e-t t-t. t.-a. a.-k k-p p-e e-_
382	single	1	i l p i t p i	_i l p i t p i_	8	_-i i-l l-p p-i i-t t-p p-i i-_
383	single	1	i w t. e. k g u	_i w t. e. k g u_	8	_-i i-w w-t. t.-e. e.-k k-g g-u u-_
384	single	1	i x w i S k e	_i x w i S k e_	8	_-i i-x x-w w-i i-S S-k k-e e-_
385	single	1	a S s. e. d w i	_a S s. e. d w i_	8	_-a a-S S-s. s.-e. e.-d d-w w-i i-_
386	single	1	e w l u g g i	_e w l u g g i_	8	_-e e-w w-l l-u u-g g-g g-i i-_
387	single	1	u S H a w ? i	_u S H a w ? i_	8	_-u u-S S-H H-a a-w w-? ?-i i-_
388	single	1	e k m u ? j e	_e k m u ? j e_	8	_-e e-k k-m m-u u-? ?-j j-e e-_
389	single	1	u x l u t. H i	_u x l u t. H i_	8	_-u u-x x-l l-u u-t. t.-H H-i i-_
390	single	1	u w X u H x u	_u w X u H x u_	8	_-u u-w w-X X-u u-H H-x x-u u-_
391	single	1	a b t i s. d i	_a b t i s. d i_	8	_-a a-b b-t t-i i-s. s.-d d-i i-_
392	single	2	t. i. n u H q a. z	_t. i. n u H q a. z_	9	_-t. t.-i. i.-n n-u u-H H-q q-a. a.-z z-_
393	single	1	e q b i X j a	_e q b i X j a_	8	_-e e-q q-b b-i i-X X-j j-a a-_
394	single	1	a ? S u S b u	_a ? S u S b u_	8	_-a a-? ?-S S-u u-S S-b b-u u-_
395	single	1	i S S i q ? e	_i S S i q ? e_	8	_-i i-S S-S S-i i-q q-? ?-e e-_
396	single	1	e j S a m X a	_e j S a m X a_	8	_-e e-j j-S S-a a-m m-X X-a a-_
397	single	1	i s d u j s u	_i s d u j s u_	8	_-i i-s s-d d-u u-j j-s s-u u-_
398	single	2	m a s. e. m t. i. X	_m a s. e. m t. i. X_	9	_-m m-a a-s. s.-e. e.-m m-t. t.-i. i.-X X-_
399	single	1	i w t. u. s g u	_i w t. u. s g u_	8	_-i i-w w-t. t.-u. u.-s s-g g-u u-_
400	single	1	e s t e q t e	_e s t e q t e_	8	_-e e-s s-t t-e e-q q-t t-e e-_
401	single	1	u n g a w t e	_u n g a w t e_	8	_-u u-n n-g g-a a-w w-t t-e e-_
402	single	1	e g s e H t. e.	_e g s e H t. e._	8	_-e e-g g-s s-e e-H H-t. t.-e. e.-_
403	single	1	i l t u m b u	_i l t u m b u_	8	_-i i-l l-t t-u u-m m-b b-u u-_
404	single	1	a g t a m l u	_a g t a m l u_	8	_-a a-g g-t t-a a-m m-l l-u u-_
405	single	1	i k t u m r u	_i k t u m r u_	8	_-i i-k k-t t-u u-m m-r r-u u-_
406	single	1	a t t. e. n p u	_a t t. e. n p u_	8	_-a a-t t-t. t.-e. e.-n n-p p-u u-_
407	single	1	u X p i n j u	_u X p i n j u_	8	_-u u-X X-p p-i i-n n-j j-u u-_
408	single	1	u l H e r r a	_u l H e r r a_	8	_-u u-l l-H H-e e-r r-r r-a a-_
409	single	1	i ? k a s. n e	_i ? k a s. n e_	8	_-i i-? ?-k k-a a-s. s.-n n-e e-_
410	single	1	u z H e d l u	_u z H e d l u_	8	_-u u-z z-H H-e e-d d-l l-u u-_
411	single	1	i q w a n r e	_i q w a n r e_	8	_-i i-q q-w w-a a-n n-r r-e e-_
412	single	3	t. e. a. s. u. u. l	_t. e. a. s. u. u. l_	8	_-t. t.-e. e.-a. a.-s. s.-u. u.-u. u.-l l-_
413	single	1	i j n u z j i	_i j n u z j i_	8	_-i i-j j-n n-u u-z z-j j-i i-_
414	single	1	a t x i s w i	_a t x i s w i_	8	_-a a-t t-x x-i i-s s-w w-i i-_
415	single	1	a s H a z g a	_a s H a z g a_	8	_-a a-s s-H H-a a-z z-g g-a a-_
416	single	1	i s q i. j S i	_i s q i. j S i_	8	_-i i-s s-q q-i. i.-j j-S S-i i-_
417	single	1	e l X u H r a	_e l X u H r a_	8	_-e e-l l-X X-u u-H H-r r-a a-_
418	single	1	a z x u t ? a	_a z x u t ? a_	8	_-a a-z z-x x-u u-t t-? ?-a a-_
419	single	1	u q s e w H a	_u q s e w H a_	8	_-u u-q q-s s-e e-w w-H H-a a-_
420	single	1	e p s u m H u	_e p s u m H u_	8	_-e e-p p-s s-u u-m m-H H-u u-_
421	single	1	e j g e l j e	_e j g e l j e_	8	_-e e-j j-g g-e e-l l-j j-e e-_
422	single	1	a x b e t. k i	_a x b e t. k i_	8	_-a a-x x-b b-e e-t. t.-k k-i i-_
423	single	1	a l k i w d a	_a l k i w d a_	8	_-a a-l l-k k-i i-w w-d d-a a-_
424	single	1	a q q i. x b i	_a q q i. x b i_	8	_-a a-q q-q q-i. i.-x x-b b-i i-_
425	single	1	i z X u l S u	_i z X u l S u_	8	_-i i-z z-X X-u u-l l-S S-u u-_
426	single	1	a t. ? i j x i	_a t. ? i j x i_	8	_-a a-t. t.-? ?-i i-j j-x x-i i-_
427	single	2	t. e. w i j d a b	_t. e. w i j d a b_	9	_-t. t.-e. e.-w w-i i-j j-d d-a a-b b-_
428	single	1	a j t. e. l r i	_a j t. e. l r i_	8	_-a a-j j-t. t.-e. e.-l l-r r-i i-_
429	single	1	u S s a t S e	_u S s a t S e_	8	_-u u-S S-s s-a a-t t-S S-e e-_
430	single	1	i H b i b S u	_i H b i b S u_	8	_-i i-H H-b b-i i-b b-S S-u u-_
431	single	1	e z q u. b H i	_e z q u. b H i_	8	_-e e-z z-q q-u. u.-b b-H H-i i-_
432	single	1	e S ? i s. w a	_e S ? i s. w a_	8	_-e e-S S-? ?-i i-s. s.-w w-a a-_
433	single	1	e H r i t z a	_e H r i t z a_	8	_-e e-H H-r r-i i-t t-z z-a a-_
434	single	1	e ? m u k j a	_e ? m u k j a_	8	_-e e-? ?-m m-u u-k k-j j-a a-_
435	single	1	a r k a p j i	_a r k a p j i_	8	_-a a-r r-k k-a a-p p-j j-i i-_
436	single	1	i s. t a z p a	_i s. t a z p a_	8	_-i i-s. s.-t t-a a-z z-p p-a a-_
437	single	1	a g d a b g a	_a g d a b g a_	8	_-a a-g g-d d-a a-b b-g g-a a-_
438	single	2	q e. s. e. x x a q	_q e. s. e. x x a q_	9	_-q q-e. e.-s. s.-e. e.-x x-x x-a a-q q-_
439	single	1	i b q u. x r u	_i b q u. x r u_	8	_-i i-b b-q q-u. u.-x x-r r-u u-_
440	single	1	u H S u z l e	_u H S u z l e_	8	_-u u-H H-S S-u u-z z-l l-e e-_
441	single	1	u b w e t. k u	_u b w e t. k u_	8	_-u u-b b-w w-e e-t. t.-k k-u u-_
442	single	1	i j k e j z u	_i j k e j z u_	8	_-i i-j j-k k-e e-j j-z z-u u-_
443	single	1	e d x e n t i	_e d x e n t i_	8	_-e e-d d-x x-e e-n n-t t-i i-_
444	single	2	s. a. w u s k u n	_s. a. w u s k u n_	9	_-s. s.-a. a.-w w-u u-s s-k k-u u-n n-_
445	single	1	e H k u j t i	_e H k u j t i_	8	_-e e-H H-k k-u u-j j-t t-i i-_
446	single	1	u r S e p p e	_u r S e p p e_	8	_-u u-r r-S S-e e-p p-p p-e e-_
447	single	1	a k x u ? b e	_a k x u ? b e_	8	_-a a-k k-x x-u u-? ?-b b-e e-_
448	single	1	a s x i b l u	_a s x i b l u_	8	_-a a-s s-x x-i i-b b-l l-u u-_
449	single	1	u x n u b g u	_u x n u b g u_	8	_-u u-x x-n n-u u-b b-g g-u u-_
450	single	1	u p k u s X a	_u p k u s X a_	8	_-u u-p p-k k-u u-s s-X X-a a-_
451	single	1	e m d e z z i	_e m d e z z i_	8	_-e e-m m-d d-e e-z z-z z-i i-_
452	single	1	u d X a H n u	_u d X a H n u_	8	_-u u-d d-X X-a a-H H-n n-u u-_
453	single	1	e ? ? e q s. i.	_e ? ? e q s. i._	8	_-e e-? ?-? ?-e e-q q-s. s.-i. i.-_
454	single	1	u t k u ? s e	_u t k u ? s e_	8	_-u u-t t-k k-u u-? ?-s s-e e-_
455	single	1	u r z e X s i	_u r z e X s i_	8	_-u u-r r-z z-e e-X X-s s-i i-_
456	single	1	i t. q i. t t u	_i t. q i. t t u_	8	_-i i-t. t.-q q-i. i.-t t-t t-u u-_
457	single	1	i z s i q g i	_i z s i q g i_	8	_-i i-z z-s s-i i-q q-g g-i i-_
458	single	1	a X n e l ? i	_a X n e l ? i_	8	_-a a-X X-n n-e e-l l-? ?-i i-_
459	single	1	i s. b e ? S u	_i s. b e ? S u_	8	_-i i-s. s.-b b-e e-? ?-S S-u u-_
460	single	1	i r w a q z i	_i r w a q z i_	8	_-i i-r r-w w-a a-q q-z z-i i-_
461	single	1	a k n e H ? e	_a k n e H ? e_	8	_-a a-k k-n n-e e-H H-? ?-e e-_
462	single	1	e r x e t. m u	_e r x e t. m u_	8	_-e e-r r-x x-e e-t. t.-m m-u u-_
463	single	1	e x t. a. x x e	_e x t. a. x x e_	8	_-e e-x x-t. t.-a. a.-x x-x x-e e-_
464	single	1	e s n a s d i	_e s n a s d i_	8	_-e e-s s-n n-a a-s s-d d-i i-_
465	single	1	e X m a q m a	_e X m a q m a_	8	_-e e-X X-m m-a a-q q-m m-a a-_
466	single	1	u q s. i. g x u	_u q s. i. g x u_	8	_-u u-q q-s. s.-i. i.-g g-x x-u u-_
467	single	1	a x z e p g u	_a x z e p g u_	8	_-a a-x x-z z-e e-p p-g g-u u-_
468	single	1	a r r a t. b u	_a r r a t. b u_	8	_-a a-r r-r r-a a-t. t.-b b-u u-_
469	single	1	e r s. i. d x u	_e r s. i. d x u_	8	_-e e-r r-s. s.-i. i.-d d-x x-u u-_
470	single	1	a m w u l p u	_a m w u l p u_	8	_-a a-m m-w w-u u-l l-p p-u u-_
471	single	1	a x S u H d i	_a x S u H d i_	8	_-a a-x x-S S-u u-H H-d d-i i-_
472	single	1	e p n e q l i	_e p n e q l i_	8	_-e e-p p-n n-e e-q q-l l-i i-_
473	single	1	u d d u S g i	_u d d u S g i_	8	_-u u-d d-d d-u u-S S-g g-i i-_
474	single	1	a b s a b s e	_a b s a b s e_	8	_-a a-b b-s s-a a-b b-s s-e e-_
475	single	1	a n n i H w a	_a n n i H w a_	8	_-a a-n n-n n-i i-H H-w w-a a-_
476	single	1	i s ? a m b a	_i s ? a m b a_	8	_-i i-s s-? ?-a a-m m-b b-a a-_
477	single	1	u d p i H j e	_u d p i H j e_	8	_-u u-d d-p p-i i-H H-j j-e e-_
478	single	1	e m p e n x i	_e m p e n x i_	8	_-e e-m m-p p-e e-n n-x x-i i-_
479	single	1	i p t i ? k u	_i p t i ? k u_	8	_-i i-p p-t t-i i-? ?-k k-u u-_
480	single	1	e p X e x X e	_e p X e x X e_	8	_-e e-p p-X X-e e-x x-X X-e e-_
481	single	1	u n z a r ? i	_u n z a r ? i_	8	_-u u-n n-z z-a a-r r-? ?-i i-_
482	single	1	u j X i j ? e	_u j X i j ? e_	8	_-u u-j j-X X-i i-j j-? ?-e e-_
483	single	1	a k H u t. l a	_a k H u t. l a_	8	_-a a-k k-H H-u u-t. t.-l l-a a-_
484	single	1	e s. p e n w i	_e s. p e n w i_	8	_-e e-s. s.-p p-e e-n n-w w-i i-_
485	single	1	e j d i d z e	_e j d i d z e_	8	_-e e-j j-d d-i i-d d-z z-e e-_
486	single	1	i d j a l z u	_i d j a l z u_	8	_-i i-d d-j j-a a-l l-z z-u u-_
487	single	1	e k t u k ? a	_e k t u k ? a_	8	_-e e-k k-t t-u u-k k-? ?-a a-_
488	single	1	i S x e H p i	_i S x e H p i_	8	_-i i-S S-x x-e e-H H-p p-i i-_
489	single	1	a g m i n l i	_a g m i n l i_	8	_-a a-g g-m m-i i-n n-l l-i i-_
490	single	1	i k t. e. z n e	_i k t. e. z n e_	8	_-i i-k k-t. t.-e. e.-z z-n n-e e-_
491	single	1	i k w u j s. a.	_i k w u j s. a._	8	_-i i-k k-w w-u u-j j-s. s.-a. a.-_
492	single	1	e S l u j r i	_e S l u j r i_	8	_-e e-S S-l l-u u-j j-r r-i i-_
493	single	1	a x ? u k w a	_a x ? u k w a_	8	_-a a-x x-? ?-u u-k k-w w-a a-_
494	single	2	l i t. a. p s. a. m	_l i t. a. p s. a. m_	9	_-l l-i i-t. t.-a. a.-p p-s. s.-a. a.-m m-_
495	single	1	u g r u t. n i	_u g r u t. n i_	8	_-u u-g g-r r-u u-t. t.-n n-i i-_
496	single	1	e t. S u S m u	_e t. S u S m u_	8	_-e e-t. t.-S S-u u-S S-m m-u u-_
497	single	1	u p r i t. s e	_u p r i t. s e_	8	_-u u-p p-r r-i i-t. t.-s s-e e-_
498	single	1	i S t i z S a	_i S t i z S a_	8	_-i i-S S-t t-i i-z z-S S-a a-_
499	single	1	i r d e X r e	_i r d e X r e_	8	_-i i-r r-d d-e e-X X-r r-e e-_
500	single	1	i g j u k S i	_i g j u k S i_	8	_-i i-g g-j j-u u-k k-S S-i i-_
501	single	1	u l t. i. b w u	_u l t. i. b w u_	8	_-u u-l l-t. t.-i. i.-b b-w w-u u-_
502	single	1	a w n i w g a	_a w n i w g a_	8	_-a a-w w-n n-i i-w w-g g-a a-_
503	single	1	u t l i s S i	_u t l i s S i_	8	_-u u-t t-l l-i i-s s-S S-i i-_
504	single	1	e b m i m z a	_e b m i m z a_	8	_-e e-b b-m m-i i-m m-z z-a a-_
505	single	1	a r s u w d i	_a r s u w d i_	8	_-a a-r r-s s-u u-w w-d d-i i-_
506	single	1	i X x i z r i	_i X x i z r i_	8	_-i i-X X-x x-i i-z z-r r-i i-_
507	single	1	i j l a s j u	_i j l a s j u_	8	_-i i-j j-l l-a a-s s-j j-u u-_
508	single	1	a n k e g X e	_a n k e g X e_	8	_-a a-n n-k k-e e-g g-X X-e e-_
509	single	1	u m t. u. n m i	_u m t. u. n m i_	8	_-u u-m m-t. t.-u. u.-n n-m m-i i-_
510	single	1	e b z e s. m a	_e b z e s. m a_	8	_-e e-b b-z z-e e-s. s.-m m-a a-_
511	single	1	u j x u p r i	_u j x u p r i_	8	_-u u-j j-x x-u u-p p-r r-i i-_
512	single	1	u m x u g X u	_u m x u g X u_	8	_-u u-m m-x x-u u-g g-X X-u u-_
513	single	1	u X k e q m a	_u X k e q m a_	8	_-u u-X X-k k-e e-q q-m m-a a-_
514	single	1	u w s. u. p n e	_u w s. u. p n e_	8	_-u u-w w-s. s.-u. u.-p p-n n-e e-_
515	single	1	u t s. u. ? X e	_u t s. u. ? X e_	8	_-u u-t t-s. s.-u. u.-? ?-X X-e e-_
516	single	1	a t H u q d u	_a t H u q d u_	8	_-a a-t t-H H-u u-q q-d d-u u-_
517	single	1	e S q i. S x a	_e S q i. S x a_	8	_-e e-S S-q q-i. i.-S S-x x-a a-_
518	single	1	a X l i w s e	_a X l i w s e_	8	_-a a-X X-l l-i i-w w-s s-e e-_
519	single	1	u S X e X p e	_u S X e X p e_	8	_-u u-S S-X X-e e-X X-p p-e e-_
520	single	1	e l g a n r i	_e l g a n r i_	8	_-e e-l l-g g-a a-n n-r r-i i-_
521	single	1	i j b i p H i	_i j b i p H i_	8	_-i i-j j-b b-i i-p p-H H-i i-_
522	single	1	u H X u s. l e	_u H X u s. l e_	8	_-u u-H H-X X-u u-s. s.-l l-e e-_
523	single	1	e H l e g w u	_e H l e g w u_	8	_-e e-H H-l l-e e-g g-w w-u u-_
524	single	1	u s. g a n x u	_u s. g a n x u_	8	_-u u-s. s.-g g-a a-n n-x x-u u-_
525	single	1	e q k e n t a	_e q k e n t a_	8	_-e e-q q-k k-e e-n n-t t-a a-_
526	single	1	u w m a w b e	_u w m a w b e_	8	_-u u-w w-m m-a a-w w-b b-e e-_
527	single	1	u p S e t m u	_u p S e t m u_	8	_-u u-p p-S S-e e-t t-m m-u u-_
528	single	1	i x l a t. w a	_i x l a t. w a_	8	_-i i-x x-l l-a a-t. t.-w w-a a-_
529	single	1	i S z e j j u	_i S z e j j u_	8	_-i i-S S-z z-e e-j j-j j-u u-_
530	single	1	e r l u t. r i	_e r l u t. r i_	8	_-e e-r r-l l-u u-t. t.-r r-i i-_
531	single	1	a b b e z k u	_a b b e z k u_	8	_-a a-b b-b b-e e-z z-k k-u u-_
532	single	1	e ? w a ? l i	_e ? w a ? l i_	8	_-e e-? ?-w w-a a-? ?-l l-i i-_
533	single	1	e q q i. m w u	_e q q i. m w u_	8	_-e e-q q-q q-i. i.-m m-w w-u u-_
534	single	1	a b d e X j a	_a b d e X j a_	8	_-a a-b b-d d-e e-X X-j j-a a-_
535	single	1	e s b a z s e	_e s b a z s e_	8	_-e e-s s-b b-a a-z z-s s-e e-_
536	single	1	u x s u n d u	_u x s u n d u_	8	_-u u-x x-s s-u u-n n-d d-u u-_
537	single	1	e p w e b j e	_e p w e b j e_	8	_-e e-p p-w w-e e-b b-j j-e e-_
538	single	1	u w S a s. X u	_u w S a s. X u_	8	_-u u-w w-S S-a a-s. s.-X X-u u-_
539	single	1	e j w e m g u	_e j w e m g u_	8	_-e e-j j-w w-e e-m m-g g-u u-_
540	single	1	u d s. a. j g i	_u d s. a. j g i_	8	_-u u-d d-s. s.-a. a.-j j-g g-i i-_
541	single	1	i q ? u d s a	_i q ? u d s a_	8	_-i i-q q-? ?-u u-d d-s s-a a-_
542	single	1	u s. n e w l u	_u s. n e w l u_	8	_-u u-s. s.-n n-e e-w w-l l-u u-_
543	single	1	a b x e S d a	_a b x e S d a_	8	_-a a-b b-x x-e e-S S-d d-a a-_
544	single	1	i p ? u b X u	_i p ? u b X u_	8	_-i i-p p-? ?-u u-b b-X X-u u-_
545	single	1	u x k i d m e	_u x k i d m e_	8	_-u u-x x-k k-i i-d d-m m-e e-_
546	single	1	a d t. e. n X u	_a d t. e. n X u_	8	_-a a-d d-t. t.-e. e.-n n-X X-u u-_
547	single	1	i z x a X S e	_i z x a X S e_	8	_-i i-z z-x x-a a-X X-S S-e e-_
548	single	1	e s k a s. b u	_e s k a s. b u_	8	_-e e-s s-k k-a a-s. s.-b b-u u-_
549	single	1	u g b a d H e	_u g b a d H e_	8	_-u u-g g-b b-a a-d d-H H-e e-_
550	single	1	i m k u b z u	_i m k u b z u_	8	_-i i-m m-k k-u u-b b-z z-u u-_
551	single	1	e q j a b r a	_e q j a b r a_	8	_-e e-q q-j j-a a-b b-r r-a a-_
552	single	1	a m t u m S i	_a m t u m S i_	8	_-a a-m m-t t-u u-m m-S S-i i-_
553	single	1	u m s u k d i	_u m s u k d i_	8	_-u u-m m-s s-u u-k k-d d-i i-_
554	single	1	a S r e l r i	_a S r e l r i_	8	_-a a-S S-r r-e e-l l-r r-i i-_
555	single	1	e s. r a X H a	_e s. r a X H a_	8	_-e e-s. s.-r r-a a-X X-H H-a a-_
556	single	1	a l s u s g u	_a l s u s g u_	8	_-a a-l l-s s-u u-s s-g g-u u-_
557	single	1	e j m i z t e	_e j m i z t e_	8	_-e e-j j-m m-i i-z z-t t-e e-_
558	single	1	e l s u X d i	_e l s u X d i_	8	_-e e-l l-s s-u u-X X-d d-i i-_
559	single	1	u b k a k j e	_u b k a k j e_	8	_-u u-b b-k k-a a-k k-j j-e e-_
560	single	3	s i a q a. a. b	_s i a q a. a. b_	8	_-s s-i i-a a-q q-a. a.-a. a.-b b-_
561	single	1	e w x u r g a	_e w x u r g a_	8	_-e e-w w-x x-u u-r r-g g-a a-_
562	single	1	i S s. a. s H i	_i S s. a. s H i_	8	_-i i-S S-s. s.-a. a.-s s-H H-i i-_
563	single	1	e ? z u g n e	_e ? z u g n e_	8	_-e e-? ?-z z-u u-g g-n n-e e-_
564	single	3	t. a. i. n i i z	_t. a. i. n i i z_	8	_-t. t.-a. a.-i. i.-n n-i i-i i-z z-_
565	single	1	i S k e s t u	_i S k e s t u_	8	_-i i-S S-k k-e e-s s-t t-u u-_
566	single	1	e x j u ? p a	_e x j u ? p a_	8	_-e e-x x-j j-u u-? ?-p p-a a-_
567	single	1	e s w a X H u	_e s w a X H u_	8	_-e e-s s-w w-a a-X X-H H-u u-_
568	single	1	e x H a q j u	_e x H a q j u_	8	_-e e-x x-H H-a a-q q-j j-u u-_
569	single	1	u g ? u g S i	_u g ? u g S i_	8	_-u u-g g-? ?-u u-g g-S S-i i-_
570	single	1	e s p e r m a	_e s p e r m a_	8	_-e e-s s-p p-e e-r r-m m-a a-_
571	single	1	a s. x a l b i	_a s. x a l b i_	8	_-a a-s. s.-x x-a a-l l-b b-i i-_
572	single	1	a d r u m H e	_a d r u m H e_	8	_-a a-d d-r r-u u-m m-H H-e e-_
573	single	1	e m n a l b i	_e m n a l b i_	8	_-e e-m m-n n-a a-l l-b b-i i-_
574	single	1	i H b a p z a	_i H b a p z a_	8	_-i i-H H-b b-a a-p p-z z-a a-_
575	single	1	a g s i s. s. i.	_a g s i s. s. i._	8	_-a a-g g-s s-i i-s. s.-s. s.-i. i.-_
576	single	1	i s x a k k e	_i s x a k k e_	8	_-i i-s s-x x-a a-k k-k k-e e-_
577	single	1	a j p u b n i	_a j p u b n i_	8	_-a a-j j-p p-u u-b b-n n-i i-_
578	single	1	u s. d i ? d i	_u s. d i ? d i_	8	_-u u-s. s.-d d-i i-? ?-d d-i i-_
579	single	3	t. u. i. ? u a k	_t. u. i. ? u a k_	8	_-t. t.-u. u.-i. i.-? ?-u u-a a-k k-_
580	single	1	e r k e H k i	_e r k e H k i_	8	_-e e-r r-k k-e e-H H-k k-i i-_
581	single	1	i ? j e t. x u	_i ? j e t. x u_	8	_-i i-? ?-j j-e e-t. t.-x x-u u-_
582	single	1	a s. z a d z a	_a s. z a d z a_	8	_-a a-s. s.-z z-a a-d d-z z-a a-_
583	single	1	i q x u l d i	_i q x u l d i_	8	_-i i-q q-x x-u u-l l-d d-i i-_
584	single	1	e p j u S n u	_e p j u S n u_	8	_-e e-p p-j j-u u-S S-n n-u u-_
585	single	1	i s. m u s. w e	_i s. m u s. w e_	8	_-i i-s. s.-m m-u u-s. s.-w w-e e-_
586	single	1	u t r u w z e	_u t r u w z e_	8	_-u u-t t-r r-u u-w w-z z-e e-_
587	single	1	i r t. u. ? H a	_i r t. u. ? H a_	8	_-i i-r r-t. t.-u. u.-? ?-H H-a a-_
588	single	1	e t X e H t u	_e t X e H t u_	8	_-e e-t t-X X-e e-H H-t t-u u-_
589	single	3	t. e. u. X u e s.	_t. e. u. X u e s._	8	_-t. t.-e. e.-u. u.-X X-u u-e e-s. s.-_
590	single	1	i n n a S w e	_i n n a S w e_	8	_-i i-n n-n n-a a-S S-w w-e e-_
591	single	1	a g k u r r e	_a g k u r r e_	8	_-a a-g g-k k-u u-r r-r r-e e-_
592	single	1	i d H i s r e	_i d H i s r e_	8	_-i i-d d-H H-i i-s s-r r-e e-_
593	single	3	s. e. e. z i a w	_s. e. e. z i a w_	8	_-s. s.-e. e.-e. e.-z z-i i-a a-w w-_
594	single	1	e k z e S X u	_e k z e S X u_	8	_-e e-k k-z z-e e-S S-X X-u u-_
595	single	1	u g m i w H i	_u g m i w H i_	8	_-u u-g g-m m-i i-w w-H H-i i-_
596	single	3	j a e x e i z	_j a e x e i z_	8	_-j j-a a-e e-x x-e e-i i-z z-_
597	single	1	a H s. u. d s u	_a H s. u. d s u_	8	_-a a-H H-s. s.-u. u.-d d-s s-u u-_
598	single	1	a t. j e k q i.	_a t. j e k q i._	8	_-a a-t. t.-j j-e e-k k-q q-i. i.-_
599	single	1	i j z a l d u	_i j z a l d u_	8	_-i i-j j-z z-a a-l l-d d-u u-_
600	single	1	u t. t i s. r e	_u t. t i s. r e_	8	_-u u-t. t.-t t-i i-s. s.-r r-e e-_
601	single	1	e q H e j H a	_e q H e j H a_	8	_-e e-q q-H H-e e-j j-H H-a a-_
602	single	1	i p m e r b e	_i p m e r b e_	8	_-i i-p p-m m-e e-r r-b b-e e-_
603	single	1	a s. S u k S i	_a s. S u k S i_	8	_-a a-s. s.-S S-u u-k k-S S-i i-_
604	single	1	e g z i g S e	_e g z i g S e_	8	_-e e-g g-z z-i i-g g-S S-e e-_
605	single	1	e z m i x t e	_e z m i x t e_	8	_-e e-z z-m m-i i-x x-t t-e e-_
606	single	1	i d g u ? n u	_i d g u ? n u_	8	_-i i-d d-g g-u u-? ?-n n-u u-_
607	single	1	e r j a S d e	_e r j a S d e_	8	_-e e-r r-j j-a a-S S-d d-e e-_
608	single	1	e s. H a ? t. a.	_e s. H a ? t. a._	8	_-e e-s. s.-H H-a a-? ?-t. t.-a. a.-_
609	single	1	i w p u d l u	_i w p u d l u_	8	_-i i-w w-p p-u u-d d-l l-u u-_
610	single	1	a p d e s z u	_a p d e s z u_	8	_-a a-p p-d d-e e-s s-z z-u u-_
611	single	2	t. u. q a. ? w a S	_t. u. q a. ? w a S_	9	_-t. t.-u. u.-q q-a. a.-? ?-w w-a a-S S-_
612	single	1	u H s. a. r d a	_u H s. a. r d a_	8	_-u u-H H-s. s.-a. a.-r r-d d-a a-_
613	single	1	a k b i m n u	_a k b i m n u_	8	_-a a-k k-b b-i i-m m-n n-u u-_
614	single	1	a ? t e p t e	_a ? t e p t e_	8	_-a a-? ?-t t-e e-p p-t t-e e-_
615	single	1	e m X e z d i	_e m X e z d i_	8	_-e e-m m-X X-e e-z z-d d-i i-_
616	single	1	i t w u z p u	_i t w u z p u_	8	_-i i-t t-w w-u u-z z-p p-u u-_
617	single	1	i ? m a t m e	_i ? m a t m e_	8	_-i i-? ?-m m-a a-t t-m m-e e-_
618	single	1	i S s u w g u	_i S s u w g u_	8	_-i i-S S-s s-u u-w w-g g-u u-_
619	single	1	i X q u. j t e	_i X q u. j t e_	8	_-i i-X X-q q-u. u.-j j-t t-e e-_
620	single	1	i r n e w q i.	_i r n e w q i._	8	_-i i-r r-n n-e e-w w-q q-i. i.-_
621	single	1	a ? g u x p i	_a ? g u x p i_	8	_-a a-? ?-g g-u u-x x-p p-i i-_
622	single	1	e H X i b q a.	_e H X i b q a._	8	_-e e-H H-X X-i i-b b-q q-a. a.-_
623	single	1	u l s. u. S b a	_u l s. u. S b a_	8	_-u u-l l-s. s.-u. u.-S S-b b-a a-_
624	single	1	i S p e X l e	_i S p e X l e_	8	_-i i-S S-p p-e e-X X-l l-e e-_
625	single	1	i k k a b S u	_i k k a b S u_	8	_-i i-k k-k k-a a-b b-S S-u u-_
626	single	1	e ? X a j w a	_e ? X a j w a_	8	_-e e-? ?-X X-a a-j j-w w-a a-_
627	single	1	i x m e n l i	_i x m e n l i_	8	_-i i-x x-m m-e e-n n-l l-i i-_
628	single	1	e z b u k z a	_e z b u k z a_	8	_-e e-z z-b b-u u-k k-z z-a a-_
629	single	1	u t. s. a. b d i	_u t. s. a. b d i_	8	_-u u-t. t.-s. s.-a. a.-b b-d d-i i-_
630	single	1	u q p a b w e	_u q p a b w e_	8	_-u u-q q-p p-a a-b b-w w-e e-_
631	single	1	a b t i t. d i	_a b t i t. d i_	8	_-a a-b b-t t-i i-t. t.-d d-i i-_
632	single	2	t u q u. g q a. H	_t u q u. g q a. H_	9	_-t t-u u-q q-u. u.-g g-q q-a. a.-H H-_
633	single	1	a t. S e S w u	_a t. S e S w u_	8	_-a a-t. t.-S S-e e-S S-w w-u u-_
634	single	2	t. i. z e b r e q	_t. i. z e b r e q_	9	_-t. t.-i. i.-z z-e e-b b-r r-e e-q q-_
635	single	1	u p w u r ? u	_u p w u r ? u_	8	_-u u-p p-w w-u u-r r-? ?-u u-_
636	single	1	u ? z e r z a	_u ? z e r z a_	8	_-u u-? ?-z z-e e-r r-z z-a a-_
637	single	1	i n q e. S ? u	_i n q e. S ? u_	8	_-i i-n n-q q-e. e.-S S-? ?-u u-_
638	single	1	a x X u g t a	_a x X u g t a_	8	_-a a-x x-X X-u u-g g-t t-a a-_
639	single	1	i p b a H w e	_i p b a H w e_	8	_-i i-p p-b b-a a-H H-w w-e e-_
640	single	1	u j n i g b u	_u j n i g b u_	8	_-u u-j j-n n-i i-g g-b b-u u-_
641	single	1	u d X a d j i	_u d X a d j i_	8	_-u u-d d-X X-a a-d d-j j-i i-_
642	single	1	i b p e t. b a	_i b p e t. b a_	8	_-i i-b b-p p-e e-t. t.-b b-a a-_
643	single	1	e k g u z j a	_e k g u z j a_	8	_-e e-k k-g g-u u-z z-j j-a a-_
644	single	3	l i e t i u ?	_l i e t i u ?_	8	_-l l-i i-e e-t t-i i-u u-? ?-_
645	single	1	a p s i H z e	_a p s i H z e_	8	_-a a-p p-s s-i i-H H-z z-e e-_
646	single	1	a l z u z k a	_a l z u z k a_	8	_-a a-l l-z z-u u-z z-k k-a a-_
647	single	1	e r H i X s a	_e r H i X s a_	8	_-e e-r r-H H-i i-X X-s s-a a-_
648	single	1	a l S i b p i	_a l S i b p i_	8	_-a a-l l-S S-i i-b b-p p-i i-_
649	single	1	a t. H u X ? e	_a t. H u X ? e_	8	_-a a-t. t.-H H-u u-X X-? ?-e e-_
650	single	1	e t X u z w i	_e t X u z w i_	8	_-e e-t t-X X-u u-z z-w w-i i-_
651	single	1	e H z a S j u	_e H z a S j u_	8	_-e e-H H-z z-a a-S S-j j-u u-_
652	single	1	a p S i d d a	_a p S i d d a_	8	_-a a-p p-S S-i i-d d-d d-a a-_
653	single	1	i S s a j l u	_i S s a j l u_	8	_-i i-S S-s s-a a-j j-l l-u u-_
654	single	1	a x j a d l u	_a x j a d l u_	8	_-a a-x x-j j-a a-d d-l l-u u-_
655	single	1	u q r e ? j a	_u q r e ? j a_	8	_-u u-q q-r r-e e-? ?-j j-a a-_
656	single	1	e b H i X x i	_e b H i X x i_	8	_-e e-b b-H H-i i-X X-x x-i i-_
657	single	1	a t. X e H g e	_a t. X e H g e_	8	_-a a-t. t.-X X-e e-H H-g g-e e-_
658	single	3	w e a s e a b	_w e a s e a b_	8	_-w w-e e-a a-s s-e e-a a-b b-_
659	single	1	a s m u d S i	_a s m u d S i_	8	_-a a-s s-m m-u u-d d-S S-i i-_
660	single	1	a H l a s b i	_a H l a s b i_	8	_-a a-H H-l l-a a-s s-b b-i i-_
661	single	1	i t. g i j r i	_i t. g i j r i_	8	_-i i-t. t.-g g-i i-j j-r r-i i-_
662	single	1	u n d a l H u	_u n d a l H u_	8	_-u u-n n-d d-a a-l l-H H-u u-_
663	single	1	e l w u w m u	_e l w u w m u_	8	_-e e-l l-w w-u u-w w-m m-u u-_
664	single	1	e k H e w r a	_e k H e w r a_	8	_-e e-k k-H H-e e-w w-r r-a a-_
665	single	1	u t g a z z u	_u t g a z z u_	8	_-u u-t t-g g-a a-z z-z z-u u-_
666	single	1	e l m u n j u	_e l m u n j u_	8	_-e e-l l-m m-u u-n n-j j-u u-_
667	single	1	i p q e. n r e	_i p q e. n r e_	8	_-i i-p p-q q-e. e.-n n-r r-e e-_
668	single	1	a S z u X z i	_a S z u X z i_	8	_-a a-S S-z z-u u-X X-z z-i i-_
669	single	1	i b l e k l e	_i b l e k l e_	8	_-i i-b b-l l-e e-k k-l l-e e-_
670	single	1	i s r e n X e	_i s r e n X e_	8	_-i i-s s-r r-e e-n n-X X-e e-_
671	single	1	e w w a r j u	_e w w a r j u_	8	_-e e-w w-w w-a a-r r-j j-u u-_
672	single	1	u p k a s. x i	_u p k a s. x i_	8	_-u u-p p-k k-a a-s. s.-x x-i i-_
673	single	1	e X X i x H e	_e X X i x H e_	8	_-e e-X X-X X-i i-x x-H H-e e-_
674	single	1	a d m u j d u	_a d m u j d u_	8	_-a a-d d-m m-u u-j j-d d-u u-_
675	single	1	u d n a l l a	_u d n a l l a_	8	_-u u-d d-n n-a a-l l-l l-a a-_
676	single	1	u n k i z ? u	_u n k i z ? u_	8	_-u u-n n-k k-i i-z z-? ?-u u-_
677	single	1	u s. j e q S u	_u s. j e q S u_	8	_-u u-s. s.-j j-e e-q q-S S-u u-_
678	single	1	u j S a s. k e	_u j S a s. k e_	8	_-u u-j j-S S-a a-s. s.-k k-e e-_
679	single	1	i S m e X b a	_i S m e X b a_	8	_-i i-S S-m m-e e-X X-b b-a a-_
680	single	1	a t. m u t x i	_a t. m u t x i_	8	_-a a-t. t.-m m-u u-t t-x x-i i-_
681	single	1	i ? p u s l u	_i ? p u s l u_	8	_-i i-? ?-p p-u u-s s-l l-u u-_
682	single	1	i X g i t q u.	_i X g i t q u._	8	_-i i-X X-g g-i i-t t-q q-u. u.-_
683	single	1	a x g u z w a	_a x g u z w a_	8	_-a a-x x-g g-u u-z z-w w-a a-_
684	single	1	e t. w e n w i	_e t. w e n w i_	8	_-e e-t. t.-w w-e e-n n-w w-i i-_
685	single	1	i H x i r q a.	_i H x i r q a._	8	_-i i-H H-x x-i i-r r-q q-a. a.-_
686	single	1	e b X a m z e	_e b X a m z e_	8	_-e e-b b-X X-a a-m m-z z-e e-_
687	single	1	i k n e m m i	_i k n e m m i_	8	_-i i-k k-n n-e e-m m-m m-i i-_
688	single	1	i g l e r p e	_i g l e r p e_	8	_-i i-g g-l l-e e-r r-p p-e e-_
689	single	1	i w x u z m i	_i w x u z m i_	8	_-i i-w w-x x-u u-z z-m m-i i-_
690	single	1	i x z a b b i	_i x z a b b i_	8	_-i i-x x-z z-a a-b b-b b-i i-_
691	single	1	i t w e t w i	_i t w e t w i_	8	_-i i-t t-w w-e e-t t-w w-i i-_
692	single	1	e q s e w l a	_e q s e w l a_	8	_-e e-q q-s s-e e-w w-l l-a a-_
693	single	1	e H s u g j u	_e H s u g j u_	8	_-e e-H H-s s-u u-g g-j j-u u-_
694	single	1	a r b e k s a	_a r b e k s a_	8	_-a a-r r-b b-e e-k k-s s-a a-_
695	single	1	u ? n e n ? u	_u ? n e n ? u_	8	_-u u-? ?-n n-e e-n n-? ?-u u-_
696	single	1	u t. r a k m a	_u t. r a k m a_	8	_-u u-t. t.-r r-a a-k k-m m-a a-_
697	single	1	a q t. e. t g e	_a q t. e. t g e_	8	_-a a-q q-t. t.-e. e.-t t-g g-e e-_
698	single	1	u t. t i s p i	_u t. t i s p i_	8	_-u u-t. t.-t t-i i-s s-p p-i i-_
699	single	1	a p x u w X a	_a p x u w X a_	8	_-a a-p p-x x-u u-w w-X X-a a-_
700	single	1	a H q e. s z i	_a H q e. s z i_	8	_-a a-H H-q q-e. e.-s s-z z-i i-_
701	single	1	i w j u k X u	_i w j u k X u_	8	_-i i-w w-j j-u u-k k-X X-u u-_
702	single	1	i n z i w X e	_i n z i w X e_	8	_-i i-n n-z z-i i-w w-X X-e e-_
703	single	1	a l l e m d i	_a l l e m d i_	8	_-a a-l l-l l-e e-m m-d d-i i-_
704	single	2	n e X a x s. u. H	_n e X a x s. u. H_	9	_-n n-e e-X X-a a-x x-s. s.-u. u.-H H-_
705	single	1	u z x e l X u	_u z x e l X u_	8	_-u u-z z-x x-e e-l l-X X-u u-_
706	single	1	u S n u n m e	_u S n u n m e_	8	_-u u-S S-n n-u u-n n-m m-e e-_
707	single	1	u j x i m p e	_u j x i m p e_	8	_-u u-j j-x x-i i-m m-p p-e e-_
708	single	1	i m j u l m u	_i m j u l m u_	8	_-i i-m m-j j-u u-l l-m m-u u-_
709	single	1	a s. S u r l u	_a s. S u r l u_	8	_-a a-s. s.-S S-u u-r r-l l-u u-_
710	single	2	s a s. a. p b e x	_s a s. a. p b e x_	9	_-s s-a a-s. s.-a. a.-p p-b b-e e-x x-_
711	single	1	i s s e g s u	_i s s e g s u_	8	_-i i-s s-s s-e e-g g-s s-u u-_
712	single	1	u p X u s S a	_u p X u s S a_	8	_-u u-p p-X X-u u-s s-S S-a a-_
713	single	1	u d X u r S a	_u d X u r S a_	8	_-u u-d d-X X-u u-r r-S S-a a-_
714	single	1	u q g a S S e	_u q g a S S e_	8	_-u u-q q-g g-a a-S S-S S-e e-_
715	single	1	e s. d i z d u	_e s. d i z d u_	8	_-e e-s. s.-d d-i i-z z-d d-u u-_
716	single	1	a l S i X r a	_a l S i X r a_	8	_-a a-l l-S S-i i-X X-r r-a a-_
717	single	1	e X n i w S u	_e X n i w S u_	8	_-e e-X X-n n-i i-w w-S S-u u-_
718	single	1	u q l e t. l i	_u q l e t. l i_	8	_-u u-q q-l l-e e-t. t.-l l-i i-_
719	single	1	e t d u X p u	_e t d u X p u_	8	_-e e-t t-d d-u u-X X-p p-u u-_
720	single	1	e b m a d p a	_e b m a d p a_	8	_-e e-b b-m m-a a-d d-p p-a a-_
721	single	1	u g x u ? X i	_u g x u ? X i_	8	_-u u-g g-x x-u u-? ?-X X-i i-_
722	single	1	e p g u l t u	_e p g u l t u_	8	_-e e-p p-g g-u u-l l-t t-u u-_
723	single	1	e s. g a q n e	_e s. g a q n e_	8	_-e e-s. s.-g g-a a-q q-n n-e e-_
724	single	1	a k b i t ? e	_a k b i t ? e_	8	_-a a-k k-b b-i i-t t-? ?-e e-_
725	single	1	u n s a d w i	_u n s a d w i_	8	_-u u-n n-s s-a a-d d-w w-i i-_
726	single	1	a p x a S p a	_a p x a S p a_	8	_-a a-p p-x x-a a-S S-p p-a a-_
727	single	1	a g g a b x u	_a g g a b x u_	8	_-a a-g g-g g-a a-b b-x x-u u-_
728	single	1	u d r u X w u	_u d r u X w u_	8	_-u u-d d-r r-u u-X X-w w-u u-_
729	single	1	e z l i w b u	_e z l i w b u_	8	_-e e-z z-l l-i i-w w-b b-u u-_
730	single	1	a l n i j ? i	_a l n i j ? i_	8	_-a a-l l-n n-i i-j j-? ?-i i-_
731	single	1	u S q a. r t e	_u S q a. r t e_	8	_-u u-S S-q q-a. a.-r r-t t-e e-_
732	single	1	u w s u w w e	_u w s u w w e_	8	_-u u-w w-s s-u u-w w-w w-e e-_
733	single	1	i ? ? u n p u	_i ? ? u n p u_	8	_-i i-? ?-? ?-u u-n n-p p-u u-_
734	single	3	q e. i. l u i t	_q e. i. l u i t_	8	_-q q-e. e.-i. i.-l l-u u-i i-t t-_
735	single	1	u l ? i r X e	_u l ? i r X e_	8	_-u u-l l-? ?-i i-r r-X X-e e-_
736	single	1	i q t e g t e	_i q t e g t e_	8	_-i i-q q-t t-e e-g g-t t-e e-_
737	single	1	u w d u s. p u	_u w d u s. p u_	8	_-u u-w w-d d-u u-s. s.-p p-u u-_
738	single	2	w a q a. g ? i d	_w a q a. g ? i d_	9	_-w w-a a-q q-a. a.-g g-? ?-i i-d d-_
739	single	1	a t t a n g a	_a t t a n g a_	8	_-a a-t t-t t-a a-n n-g g-a a-_
740	single	2	d e k a n s. e. H	_d e k a n s. e. H_	9	_-d d-e e-k k-a a-n n-s. s.-e. e.-H H-_
741	single	1	u X k a s. z e	_u X k a s. z e_	8	_-u u-X X-k k-a a-s. s.-z z-e e-_
742	single	2	z u ? i d g e b	_z u ? i d g e b_	9	_-z z-u u-? ?-i i-d d-g g-e e-b b-_
743	single	1	a w s. a. x ? u	_a w s. a. x ? u_	8	_-a a-w w-s. s.-a. a.-x x-? ?-u u-_
744	single	2	q u. s. u. k X e r	_q u. s. u. k X e r_	9	_-q q-u. u.-s. s.-u. u.-k k-X X-e e-r r-_
745	single	1	i j n u X S e	_i j n u X S e_	8	_-i i-j j-n n-u u-X X-S S-e e-_
746	single	2	s i s. u. t. p u j	_s i s. u. t. p u j_	9	_-s s-i i-s. s.-u. u.-t. t.-p p-u u-j j-_
747	single	1	u z g a ? t. e.	_u z g a ? t. e._	8	_-u u-z z-g g-a a-? ?-t. t.-e. e.-_
748	single	1	e g n a w k i	_e g n a w k i_	8	_-e e-g g-n n-a a-w w-k k-i i-_
749	single	1	a j j a H m a	_a j j a H m a_	8	_-a a-j j-j j-a a-H H-m m-a a-_
750	single	1	a z X u H n u	_a z X u H n u_	8	_-a a-z z-X X-u u-H H-n n-u u-_
751	single	2	t i ? i t n e l	_t i ? i t n e l_	9	_-t t-i i-? ?-i i-t t-n n-e e-l l-_
752	single	1	i n H u q H e	_i n H u q H e_	8	_-i i-n n-H H-u u-q q-H H-e e-_
753	single	1	a t. t. e. j m i	_a t. t. e. j m i_	8	_-a a-t. t.-t. t.-e. e.-j j-m m-i i-_
754	single	1	a j s a p t. i.	_a j s a p t. i._	8	_-a a-j j-s s-a a-p p-t. t.-i. i.-_
755	single	2	m a S u l k i g	_m a S u l k i g_	9	_-m m-a a-S S-u u-l l-k k-i i-g g-_
756	single	1	e d ? a S l a	_e d ? a S l a_	8	_-e e-d d-? ?-a a-S S-l l-a a-_
757	single	1	e ? k i x m e	_e ? k i x m e_	8	_-e e-? ?-k k-i i-x x-m m-e e-_
758	single	1	u m s a q r a	_u m s a q r a_	8	_-u u-m m-s s-a a-q q-r r-a a-_
759	single	2	x i g a S r u s	_x i g a S r u s_	9	_-x x-i i-g g-a a-S S-r r-u u-s s-_
760	single	2	j e n i p ? e n	_j e n i p ? e n_	9	_-j j-e e-n n-i i-p p-? ?-e e-n n-_
761	single	1	u k ? a t. w i	_u k ? a t. w i_	8	_-u u-k k-? ?-a a-t. t.-w w-i i-_
762	single	1	i q ? u t s u	_i q ? u t s u_	8	_-i i-q q-? ?-u u-t t-s s-u u-_
763	single	1	a n S e S g i	_a n S e S g i_	8	_-a a-n n-S S-e e-S S-g g-i i-_
764	single	2	t i r i m r a ?	_t i r i m r a ?_	9	_-t t-i i-r r-i i-m m-r r-a a-? ?-_
765	single	1	a w z u X t a	_a w z u X t a_	8	_-a a-w w-z z-u u-X X-t t-a a-_
766	single	1	a n H e s k e	_a n H e s k e_	8	_-a a-n n-H H-e e-s s-k k-e e-_
767	single	1	i H S a b k u	_i H S a b k u_	8	_-i i-H H-S S-a a-b b-k k-u u-_
768	single	1	i z t. u. t. z a	_i z t. u. t. z a_	8	_-i i-z z-t. t.-u. u.-t. t.-z z-a a-_
769	single	1	i q H i t j e	_i q H i t j e_	8	_-i i-q q-H H-i i-t t-j j-e e-_
770	single	2	t a S e g k a X	_t a S e g k a X_	9	_-t t-a a-S S-e e-g g-k k-a a-X X-_
771	single	1	e r X u x t. i.	_e r X u x t. i._	8	_-e e-r r-X X-u u-x x-t. t.-i. i.-_
772	single	1	e n x i k t e	_e n x i k t e_	8	_-e e-n n-x x-i i-k k-t t-e e-_
773	single	1	e S t e t. d i	_e S t e t. d i_	8	_-e e-S S-t t-e e-t. t.-d d-i i-_
774	single	1	i w H a j q i.	_i w H a j q i._	8	_-i i-w w-H H-a a-j j-q q-i. i.-_
775	single	2	d a r i X j u x	_d a r i X j u x_	9	_-d d-a a-r r-i i-X X-j j-u u-x x-_
776	single	1	i X d u S k e	_i X d u S k e_	8	_-i i-X X-d d-u u-S S-k k-e e-_
777	single	1	e j g e s n i	_e j g e s n i_	8	_-e e-j j-g g-e e-s s-n n-i i-_
778	single	1	e d t e k x u	_e d t e k x u_	8	_-e e-d d-t t-e e-k k-x x-u u-_
779	single	1	e S H u ? d a	_e S H u ? d a_	8	_-e e-S S-H H-u u-? ?-d d-a a-_
780	single	1	i r k e X ? a	_i r k e X ? a_	8	_-i i-r r-k k-e e-X X-? ?-a a-_
781	single	2	j i S u s. t u b	_j i S u s. t u b_	9	_-j j-i i-S S-u u-s. s.-t t-u u-b b-_
782	single	3	w e e t. e. a. k	_w e e t. e. a. k_	8	_-w w-e e-e e-t. t.-e. e.-a. a.-k k-_
783	single	2	q a. ? i q z u b	_q a. ? i q z u b_	9	_-q q-a. a.-? ?-i i-q q-z z-u u-b b-_
784	single	1	e b g a s. X e	_e b g a s. X e_	8	_-e e-b b-g g-a a-s. s.-X X-e e-_
785	single	2	k i d a q x a q	_k i d a q x a q_	9	_-k k-i i-d d-a a-q q-x x-a a-q q-_
786	single	2	X a n a z S a l	_X a n a z S a l_	9	_-X X-a a-n n-a a-z z-S S-a a-l l-_
787	single	2	q a. g a j b a l	_q a. g a j b a l_	9	_-q q-a. a.-g g-a a-j j-b b-a a-l l-_
788	single	1	i s. l a p m i	_i s. l a p m i_	8	_-i i-s. s.-l l-a a-p p-m m-i i-_
789	single	1	u l x i x l i	_u l x i x l i_	8	_-u u-l l-x x-i i-x x-l l-i i-_
790	single	1	a d d u b t. u.	_a d d u b t. u._	8	_-a a-d d-d d-u u-b b-t. t.-u. u.-_
791	single	2	m e k i g r e ?	_m e k i g r e ?_	9	_-m m-e e-k k-i i-g g-r r-e e-? ?-_
792	single	1	e l p u l j a	_e l p u l j a_	8	_-e e-l l-p p-u u-l l-j j-a a-_
793	single	2	k e s. e. b s. e. ?	_k e s. e. b s. e. ?_	9	_-k k-e e-s. s.-e. e.-b b-s. s.-e. e.-? ?-_
794	single	1	i z n i r n u	_i z n i r n u_	8	_-i i-z z-n n-i i-r r-n n-u u-_
795	single	1	u x k a r m u	_u x k a r m u_	8	_-u u-x x-k k-a a-r r-m m-u u-_
796	single	2	g a t. u. x n i ?	_g a t. u. x n i ?_	9	_-g g-a a-t. t.-u. u.-x x-n n-i i-? ?-_
797	single	1	u m ? u t n a	_u m ? u t n a_	8	_-u u-m m-? ?-u u-t t-n n-a a-_
798	single	2	l u t e s. H e H	_l u t e s. H e H_	9	_-l l-u u-t t-e e-s. s.-H H-e e-H H-_
799	single	1	i ? x u j x i	_i ? x u j x i_	8	_-i i-? ?-x x-u u-j j-x x-i i-_
800	single	1	a m k u j X u	_a m k u j X u_	8	_-a a-m m-k k-u u-j j-X X-u u-_
801	single	2	? a z e H s a X	_? a z e H s a X_	9	_-? ?-a a-z z-e e-H H-s s-a a-X X-_
802	single	2	b e m u g H i j	_b e m u g H i j_	9	_-b b-e e-m m-u u-g g-H H-i i-j j-_
803	single	1	a m z e t z u	_a m z e t z u_	8	_-a a-m m-z z-e e-t t-z z-u u-_
804	single	1	e x w u H k i	_e x w u H k i_	8	_-e e-x x-w w-u u-H H-k k-i i-_
805	single	1	i s j a t. n i	_i s j a t. n i_	8	_-i i-s s-j j-a a-t. t.-n n-i i-_
806	single	1	e s X e q k a	_e s X e q k a_	8	_-e e-s s-X X-e e-q q-k k-a a-_
807	single	1	i k w a H d e	_i k w a H d e_	8	_-i i-k k-w w-a a-H H-d d-e e-_
808	single	2	s. u. ? i q w a g	_s. u. ? i q w a g_	9	_-s. s.-u. u.-? ?-i i-q q-w w-a a-g g-_
809	single	2	l a t. i. t. ? i x	_l a t. i. t. ? i x_	9	_-l l-a a-t. t.-i. i.-t. t.-? ?-i i-x x-_
810	single	1	i S w i ? s e	_i S w i ? s e_	8	_-i i-S S-w w-i i-? ?-s s-e e-_
811	single	2	n e j u n b e g	_n e j u n b e g_	9	_-n n-e e-j j-u u-n n-b b-e e-g g-_
812	single	1	i m l u k l e	_i m l u k l e_	8	_-i i-m m-l l-u u-k k-l l-e e-_
813	single	2	S u ? e t. X i l	_S u ? e t. X i l_	9	_-S S-u u-? ?-e e-t. t.-X X-i i-l l-_
814	single	2	l i s. a. S j i d	_l i s. a. S j i d_	9	_-l l-i i-s. s.-a. a.-S S-j j-i i-d d-_
815	single	3	l a u s. i. i. k	_l a u s. i. i. k_	8	_-l l-a a-u u-s. s.-i. i.-i. i.-k k-_
816	single	1	a b j i m ? e	_a b j i m ? e_	8	_-a a-b b-j j-i i-m m-? ?-e e-_
817	single	1	e s. g u t. x a	_e s. g u t. x a_	8	_-e e-s. s.-g g-u u-t. t.-x x-a a-_
818	single	2	g a w a z b a n	_g a w a z b a n_	9	_-g g-a a-w w-a a-z z-b b-a a-n n-_
819	single	1	e w r i s. d e	_e w r i s. d e_	8	_-e e-w w-r r-i i-s. s.-d d-e e-_
820	single	1	u m l i t r a	_u m l i t r a_	8	_-u u-m m-l l-i i-t t-r r-a a-_
821	single	1	a H b a H s. i.	_a H b a H s. i._	8	_-a a-H H-b b-a a-H H-s. s.-i. i.-_
822	single	2	p i t a k r a t.	_p i t a k r a t._	9	_-p p-i i-t t-a a-k k-r r-a a-t. t.-_
823	single	1	a t. l e r t u	_a t. l e r t u_	8	_-a a-t. t.-l l-e e-r r-t t-u u-_
824	single	1	i x r u k g u	_i x r u k g u_	8	_-i i-x x-r r-u u-k k-g g-u u-_
825	single	1	u t p a x d i	_u t p a x d i_	8	_-u u-t t-p p-a a-x x-d d-i i-_
826	single	1	u s m a x q u.	_u s m a x q u._	8	_-u u-s s-m m-a a-x x-q q-u. u.-_
827	single	1	e r s. i. X s. a.	_e r s. i. X s. a._	8	_-e e-r r-s. s.-i. i.-X X-s. s.-a. a.-_
828	single	1	i z t. e. b ? a	_i z t. e. b ? a_	8	_-i i-z z-t. t.-e. e.-b b-? ?-a a-_
829	single	1	a t. s. e. g p i	_a t. s. e. g p i_	8	_-a a-t. t.-s. s.-e. e.-g g-p p-i i-_
830	single	2	? i r e q X a t.	_? i r e q X a t._	9	_-? ?-i i-r r-e e-q q-X X-a a-t. t.-_
831	single	1	u m x i w ? a	_u m x i w ? a_	8	_-u u-m m-x x-i i-w w-? ?-a a-_
832	single	1	e ? l e X g u	_e ? l e X g u_	8	_-e e-? ?-l l-e e-X X-g g-u u-_
833	single	1	u q t. e. p H e	_u q t. e. p H e_	8	_-u u-q q-t. t.-e. e.-p p-H H-e e-_
834	single	1	e s. s a s. ? a	_e s. s a s. ? a_	8	_-e e-s. s.-s s-a a-s. s.-? ?-a a-_
835	single	1	u r x a n w u	_u r x a n w u_	8	_-u u-r r-x x-a a-n n-w w-u u-_
836	single	2	n a H a x p e S	_n a H a x p e S_	9	_-n n-a a-H H-a a-x x-p p-e e-S S-_
837	single	2	k a m e x s e H	_k a m e x s e H_	9	_-k k-a a-m m-e e-x x-s s-e e-H H-_
838	single	1	a k d a t. k i	_a k d a t. k i_	8	_-a a-k k-d d-a a-t. t.-k k-i i-_
839	single	2	n u r u b n i H	_n u r u b n i H_	9	_-n n-u u-r r-u u-b b-n n-i i-H H-_
840	single	2	s e g a H p u ?	_s e g a H p u ?_	9	_-s s-e e-g g-a a-H H-p p-u u-? ?-_
841	single	1	a ? r e g z e	_a ? r e g z e_	8	_-a a-? ?-r r-e e-g g-z z-e e-_
842	single	1	i g p i H j e	_i g p i H j e_	8	_-i i-g g-p p-i i-H H-j j-e e-_
843	single	2	b e S e p p a t.	_b e S e p p a t._	9	_-b b-e e-S S-e e-p p-p p-a a-t. t.-_
844	single	2	p a X a z r u b	_p a X a z r u b_	9	_-p p-a a-X X-a a-z z-r r-u u-b b-_
845	single	2	? e r i s d u s.	_? e r i s d u s._	9	_-? ?-e e-r r-i i-s s-d d-u u-s. s.-_
846	single	1	u w n e ? H a	_u w n e ? H a_	8	_-u u-w w-n n-e e-? ?-H H-a a-_
847	single	1	e n m u d k a	_e n m u d k a_	8	_-e e-n n-m m-u u-d d-k k-a a-_
848	single	1	a d b i X t u	_a d b i X t u_	8	_-a a-d d-b b-i i-X X-t t-u u-_
849	single	2	g i l e q m a t.	_g i l e q m a t._	9	_-g g-i i-l l-e e-q q-m m-a a-t. t.-_
850	single	1	e n m e t. s i	_e n m e t. s i_	8	_-e e-n n-m m-e e-t. t.-s s-i i-_
851	single	1	e x S i n p a	_e x S i n p a_	8	_-e e-x x-S S-i i-n n-p p-a a-_
852	single	1	i ? S a t. m i	_i ? S a t. m i_	8	_-i i-? ?-S S-a a-t. t.-m m-i i-_
853	single	1	e j k e x b a	_e j k e x b a_	8	_-e e-j j-k k-e e-x x-b b-a a-_
854	single	2	X i s a t b i j	_X i s a t b i j_	9	_-X X-i i-s s-a a-t t-b b-i i-j j-_
855	single	2	g e p i g w e S	_g e p i g w e S_	9	_-g g-e e-p p-i i-g g-w w-e e-S S-_
856	single	1	u z ? e s w e	_u z ? e s w e_	8	_-u u-z z-? ?-e e-s s-w w-e e-_
857	single	2	t e q i. t. j i q	_t e q i. t. j i q_	9	_-t t-e e-q q-i. i.-t. t.-j j-i i-q q-_
858	single	1	u X t. i. r g u	_u X t. i. r g u_	8	_-u u-X X-t. t.-i. i.-r r-g g-u u-_
859	single	1	e ? ? i m t u	_e ? ? i m t u_	8	_-e e-? ?-? ?-i i-m m-t t-u u-_
860	single	1	a r z a s ? i	_a r z a s ? i_	8	_-a a-r r-z z-a a-s s-? ?-i i-_
861	single	1	u ? b e z q u.	_u ? b e z q u._	8	_-u u-? ?-b b-e e-z z-q q-u. u.-_
862	single	1	a t l a g r a	_a t l a g r a_	8	_-a a-t t-l l-a a-g g-r r-a a-_
863	single	2	t. e. q u. t q a. H	_t. e. q u. t q a. H_	9	_-t. t.-e. e.-q q-u. u.-t t-q q-a. a.-H H-_
864	single	2	k a j e H r a H	_k a j e H r a H_	9	_-k k-a a-j j-e e-H H-r r-a a-H H-_
865	single	1	u g k u l g e	_u g k u l g e_	8	_-u u-g g-k k-u u-l l-g g-e e-_
866	single	1	e w t u n s u	_e w t u n s u_	8	_-e e-w w-t t-u u-n n-s s-u u-_
867	single	1	u ? S e t H e	_u ? S e t H e_	8	_-u u-? ?-S S-e e-t t-H H-e e-_
868	single	1	i ? m e n s. a.	_i ? m e n s. a._	8	_-i i-? ?-m m-e e-n n-s. s.-a. a.-_
869	single	1	e m b i d s a	_e m b i d s a_	8	_-e e-m m-b b-i i-d d-s s-a a-_
870	single	2	X i S i z s. a. H	_X i S i z s. a. H_	9	_-X X-i i-S S-i i-z z-s. s.-a. a.-H H-_
871	single	1	u q k i q b e	_u q k i q b e_	8	_-u u-q q-k k-i i-q q-b b-e e-_
872	single	2	? u g u r w u k	_? u g u r w u k_	9	_-? ?-u u-g g-u u-r r-w w-u u-k k-_
873	single	1	i r s e t. z e	_i r s e t. z e_	8	_-i i-r r-s s-e e-t. t.-z z-e e-_
874	single	2	p a b a s. k i d	_p a b a s. k i d_	9	_-p p-a a-b b-a a-s. s.-k k-i i-d d-_
875	single	1	u w w a n ? a	_u w w a n ? a_	8	_-u u-w w-w w-a a-n n-? ?-a a-_
876	single	2	s. e. j u j H e l	_s. e. j u j H e l_	9	_-s. s.-e. e.-j j-u u-j j-H H-e e-l l-_
877	single	2	z i s u t k a s.	_z i s u t k a s._	9	_-z z-i i-s s-u u-t t-k k-a a-s. s.-_
878	single	1	u H ? u S t i	_u H ? u S t i_	8	_-u u-H H-? ?-u u-S S-t t-i i-_
